aid	chr1	coord1	strand1	chr2	coord2	strand2	extra
179	1	144857481	+	1	199416440	-	aid=179;cn={'1': {'AA': 0, 'AB': 0, 'BA': 0, 'BB': 0}, '2': {'AA': 0, 'AB': 0, 'BA': 0, 'BB': 0}};at=N
159	1	144890318	+	1	147182701	-	aid=159;cn={'1': {'AA': 0, 'AB': 0, 'BA': 0, 'BB': 0}, '2': {'AA': 0, 'AB': 0, 'BA': 0, 'BB': 0}};at=N
162	1	145113076	-	1	150089000	-	aid=162;cn={'1': {'AA': 0, 'AB': 0, 'BA': 0, 'BB': 0}, '2': {'AA': 0, 'AB': 0, 'BA': 0, 'BB': 0}};at=N
158	1	145521641	-	1	147014447	+	aid=158;cn={'1': {'AA': 0, 'AB': 0, 'BA': 0, 'BB': 1}, '2': {'AA': 0, 'AB': 0, 'BA': 0, 'BB': 2}};at=N
177	1	146640317	+	1	181280094	-	aid=177;cn={'1': {'AA': 0, 'AB': 0, 'BA': 0, 'BB': 0}, '2': {'AA': 0, 'AB': 0, 'BA': 0, 'BB': 0}};at=N
175	1	146640621	-	1	181256183	-	aid=175;cn={'1': {'AA': 0, 'AB': 0, 'BA': 0, 'BB': 1}, '2': {'AA': 0, 'AB': 0, 'BA': 0, 'BB': 2}};at=N
161	1	146680400	-	1	148893606	-	aid=161;cn={'1': {'AA': 0, 'AB': 0, 'BA': 0, 'BB': 0}, '2': {'AA': 0, 'AB': 0, 'BA': 0, 'BB': 0}};at=N
164	1	147194326	+	1	151553176	-	aid=164;cn={'1': {'AA': 0, 'AB': 0, 'BA': 0, 'BB': 0}, '2': {'AA': 0, 'AB': 0, 'BA': 0, 'BB': 0}};at=N
173	1	148869265	-	1	170772000	+	aid=173;cn={'1': {'AA': 0, 'AB': 0, 'BA': 0, 'BB': 0}, '2': {'AA': 0, 'AB': 0, 'BA': 0, 'BB': 0}};at=N
190	1	149197602	-	1	220333774	+	aid=190;cn={'1': {'AA': 1, 'AB': 0, 'BA': 0, 'BB': 0}, '2': {'AA': 2, 'AB': 0, 'BA': 0, 'BB': 0}};at=N
188	1	149216834	-	1	220243359	-	aid=188;cn={'1': {'AA': 0, 'AB': 0, 'BA': 0, 'BB': 0}, '2': {'AA': 0, 'AB': 0, 'BA': 0, 'BB': 0}};at=N
189	1	149237996	+	1	220244402	-	aid=189;cn={'1': {'AA': 1, 'AB': 0, 'BA': 0, 'BB': 0}, '2': {'AA': 2, 'AB': 0, 'BA': 0, 'BB': 0}};at=N
169	1	150223550	+	1	154310629	-	aid=169;cn={'1': {'AA': 0, 'AB': 0, 'BA': 0, 'BB': 0}, '2': {'AA': 0, 'AB': 0, 'BA': 0, 'BB': 0}};at=N
165	1	150690627	-	1	151694909	+	aid=165;cn={'1': {'AA': 0, 'AB': 0, 'BA': 0, 'BB': 0}, '2': {'AA': 0, 'AB': 0, 'BA': 0, 'BB': 0}};at=N
163	1	150952761	+	1	151123304	-	aid=163;cn={'1': {'AA': 0, 'AB': 0, 'BA': 0, 'BB': 0}, '2': {'AA': 0, 'AB': 0, 'BA': 0, 'BB': 0}};at=N
182	1	152737591	+	1	206610687	-	aid=182;cn={'1': {'AA': 0, 'AB': 0, 'BA': 0, 'BB': 1}, '2': {'AA': 0, 'AB': 0, 'BA': 0, 'BB': 2}};at=N
171	1	169731733	-	1	169741993	-	aid=171;cn={'1': {'AA': 0, 'AB': 0, 'BA': 0, 'BB': 0}, '2': {'AA': 1, 'AB': 0, 'BA': 0, 'BB': 0}};at=N
172	1	169847426	-	1	170509164	+	aid=172;cn={'1': {'AA': 1, 'AB': 0, 'BA': 0, 'BB': 0}, '2': {'AA': 0, 'AB': 0, 'BA': 0, 'BB': 0}};at=N
193	1	170212432	-	1	230910027	-	aid=193;cn={'1': {'AA': 0, 'AB': 0, 'BA': 0, 'BB': 0}, '2': {'AA': 0, 'AB': 0, 'BA': 0, 'BB': 0}};at=N
184	1	170530869	-	1	207815202	+	aid=184;cn={'1': {'AA': 0, 'AB': 0, 'BA': 0, 'BB': 0}, '2': {'AA': 0, 'AB': 0, 'BA': 0, 'BB': 0}};at=N
181	1	170553733	+	1	206570870	+	aid=181;cn={'1': {'AA': 0, 'AB': 0, 'BA': 0, 'BB': 0}, '2': {'AA': 0, 'AB': 2, 'BA': 0, 'BB': 0}};at=N
192	1	179665032	+	1	230221022	+	aid=192;cn={'1': {'AA': 0, 'AB': 0, 'BA': 0, 'BB': 0}, '2': {'AA': 0, 'AB': 0, 'BA': 0, 'BB': 0}};at=N
174	1	180229698	-	1	180237801	+	aid=174;cn={'1': {'AA': 1, 'AB': 0, 'BA': 0, 'BB': 0}, '2': {'AA': 2, 'AB': 0, 'BA': 0, 'BB': 0}};at=N
176	1	181085829	-	1	181279717	+	aid=176;cn={'1': {'AA': 0, 'AB': 1, 'BA': 0, 'BB': 0}, '2': {'AA': 0, 'AB': 2, 'BA': 0, 'BB': 0}};at=N
185	1	182284446	+	1	209516449	+	aid=185;cn={'1': {'AA': 0, 'AB': 1, 'BA': 0, 'BB': 0}, '2': {'AA': 0, 'AB': 2, 'BA': 0, 'BB': 0}};at=N
196	1	199163091	-	1	231861235	+	aid=196;cn={'1': {'AA': 1, 'AB': 0, 'BA': 0, 'BB': 0}, '2': {'AA': 2, 'AB': 0, 'BA': 0, 'BB': 0}};at=N
191	1	199456681	+	1	228912664	-	aid=191;cn={'1': {'AA': 1, 'AB': 0, 'BA': 0, 'BB': 0}, '2': {'AA': 2, 'AB': 0, 'BA': 0, 'BB': 0}};at=N
198	1	203044959	-	1	232968596	+	aid=198;cn={'1': {'AA': 0, 'AB': 0, 'BA': 2, 'BB': 0}, '2': {'AA': 0, 'AB': 0, 'BA': 2, 'BB': 0}};at=N
14	1	203908562	+	14	23403920	+	aid=14;cn={'1': {'AA': 0, 'AB': 0, 'BA': 0, 'BB': 0}, '2': {'AA': 0, 'AB': 0, 'BA': 0, 'BB': 0}};at=N
183	1	204578400	+	1	206611234	-	aid=183;cn={'1': {'AA': 0, 'AB': 0, 'BA': 0, 'BB': 1}, '2': {'AA': 0, 'AB': 0, 'BA': 0, 'BB': 0}};at=N
180	1	204785000	+	1	205880282	-	aid=180;cn={'1': {'AA': 0, 'AB': 0, 'BA': 0, 'BB': 1}, '2': {'AA': 0, 'AB': 0, 'BA': 0, 'BB': 1}};at=N
194	1	206665676	+	1	231639762	+	aid=194;cn={'1': {'AA': 0, 'AB': 0, 'BA': 2, 'BB': 0}, '2': {'AA': 0, 'AB': 0, 'BA': 0, 'BB': 0}};at=N
187	1	218404560	-	1	218454433	+	aid=187;cn={'1': {'AA': 1, 'AB': 0, 'BA': 0, 'BB': 0}, '2': {'AA': 2, 'AB': 0, 'BA': 0, 'BB': 0}};at=N
195	1	231658671	+	1	231861236	-	aid=195;cn={'1': {'AA': 0, 'AB': 0, 'BA': 0, 'BB': 0}, '2': {'AA': 1, 'AB': 0, 'BA': 0, 'BB': 0}};at=N
197	1	231702080	-	1	232395018	-	aid=197;cn={'1': {'AA': 2, 'AB': 0, 'BA': 0, 'BB': 0}, '2': {'AA': 1, 'AB': 0, 'BA': 0, 'BB': 0}};at=N
199	1	243119793	+	1	243120170	-	aid=199;cn={'1': {'AA': 0, 'AB': 0, 'BA': 0, 'BB': 0}, '2': {'AA': 0, 'AB': 0, 'BA': 0, 'BB': 0}};at=N
4	10	4538049	+	10	4538385	-	aid=4;cn={'1': {'AA': 0, 'AB': 0, 'BA': 0, 'BB': 0}, '2': {'AA': 0, 'AB': 0, 'BA': 0, 'BB': 0}};at=N
68	10	57455292	+	10	57455639	-	aid=68;cn={'1': {'AA': 0, 'AB': 0, 'BA': 0, 'BB': 0}, '2': {'AA': 0, 'AB': 0, 'BA': 0, 'BB': 0}};at=N
17	10	68349942	-	22	29065802	-	aid=17;cn={'1': {'AA': 0, 'AB': 0, 'BA': 0, 'BB': 0}, '2': {'AA': 0, 'AB': 0, 'BA': 0, 'BB': 0}};at=N
136	10	108518409	-	10	108958540	+	aid=136;cn={'1': {'AA': 1, 'AB': 0, 'BA': 0, 'BB': 0}, '2': {'AA': 1, 'AB': 0, 'BA': 0, 'BB': 0}};at=N
93	11	33766305	+	13	76093502	-	aid=93;cn={'1': {'AA': 0, 'AB': 1, 'BA': 0, 'BB': 0}, '2': {'AA': 0, 'AB': 0, 'BA': 0, 'BB': 0}};at=N
127	11	36723405	-	13	97814108	-	aid=127;cn={'1': {'AA': 0, 'AB': 1, 'BA': 0, 'BB': 0}, '2': {'AA': 0, 'AB': 0, 'BA': 0, 'BB': 0}};at=N
123	11	46703804	+	13	93053347	+	aid=123;cn={'1': {'AA': 0, 'AB': 0, 'BA': 1, 'BB': 0}, '2': {'AA': 0, 'AB': 0, 'BA': 1, 'BB': 0}};at=N
95	11	47453225	-	13	76094860	-	aid=95;cn={'1': {'AA': 0, 'AB': 0, 'BA': 0, 'BB': 1}, '2': {'AA': 0, 'AB': 0, 'BA': 0, 'BB': 1}};at=N
7	12	11113782	+	12	11114214	-	aid=7;cn={'1': {'AA': 0, 'AB': 0, 'BA': 0, 'BB': 0}, '2': {'AA': 0, 'AB': 0, 'BA': 0, 'BB': 0}};at=N
67	12	55175830	+	12	55499109	-	aid=67;cn={'1': {'AA': 0, 'AB': 0, 'BA': 0, 'BB': 0}, '2': {'AA': 0, 'AB': 0, 'BA': 0, 'BB': 0}};at=N
69	12	57895291	-	12	58949741	+	aid=69;cn={'1': {'AA': 0, 'AB': 0, 'BA': 0, 'BB': 0}, '2': {'AA': 1, 'AB': 0, 'BA': 0, 'BB': 0}};at=N
79	12	62730181	+	12	66436925	-	aid=79;cn={'1': {'AA': 0, 'AB': 0, 'BA': 0, 'BB': 1}, '2': {'AA': 0, 'AB': 0, 'BA': 0, 'BB': 1}};at=N
121	12	89611824	+	12	89612207	-	aid=121;cn={'1': {'AA': 0, 'AB': 0, 'BA': 0, 'BB': 0}, '2': {'AA': 0, 'AB': 0, 'BA': 0, 'BB': 0}};at=N
133	12	105575282	-	12	105809505	+	aid=133;cn={'1': {'AA': 0, 'AB': 0, 'BA': 0, 'BB': 0}, '2': {'AA': 0, 'AB': 0, 'BA': 0, 'BB': 0}};at=N
131	12	105575507	+	12	105774107	-	aid=131;cn={'1': {'AA': 0, 'AB': 0, 'BA': 0, 'BB': 0}, '2': {'AA': 0, 'AB': 0, 'BA': 0, 'BB': 0}};at=N
132	12	105576755	-	12	105774166	+	aid=132;cn={'1': {'AA': 0, 'AB': 0, 'BA': 0, 'BB': 0}, '2': {'AA': 0, 'AB': 0, 'BA': 0, 'BB': 0}};at=N
130	12	105576912	+	12	105770151	+	aid=130;cn={'1': {'AA': 0, 'AB': 0, 'BA': 0, 'BB': 0}, '2': {'AA': 0, 'AB': 0, 'BA': 0, 'BB': 0}};at=N
134	12	105770831	-	12	105809506	-	aid=134;cn={'1': {'AA': 0, 'AB': 0, 'BA': 0, 'BB': 0}, '2': {'AA': 0, 'AB': 0, 'BA': 0, 'BB': 0}};at=N
135	12	108343441	+	12	108344456	-	aid=135;cn={'1': {'AA': 0, 'AB': 0, 'BA': 0, 'BB': 0}, '2': {'AA': 0, 'AB': 0, 'BA': 0, 'BB': 0}};at=N
34	13	33259690	+	13	39210444	+	aid=34;cn={'1': {'AA': 0, 'AB': 1, 'BA': 0, 'BB': 0}, '2': {'AA': 0, 'AB': 1, 'BA': 0, 'BB': 0}};at=N
56	13	39194548	-	17	47791579	+	aid=56;cn={'1': {'AA': 1, 'AB': 0, 'BA': 0, 'BB': 0}, '2': {'AA': 1, 'AB': 0, 'BA': 0, 'BB': 0}};at=N
55	13	39210899	-	17	47658855	+	aid=55;cn={'1': {'AA': 0, 'AB': 0, 'BA': 1, 'BB': 0}, '2': {'AA': 0, 'AB': 0, 'BA': 1, 'BB': 0}};at=N
12	13	39984104	+	17	18782782	+	aid=12;cn={'1': {'AA': 0, 'AB': 0, 'BA': 1, 'BB': 0}, '2': {'AA': 0, 'AB': 0, 'BA': 1, 'BB': 0}};at=N
122	13	76089181	-	13	93046318	+	aid=122;cn={'1': {'AA': 0, 'AB': 1, 'BA': 0, 'BB': 0}, '2': {'AA': 0, 'AB': 0, 'BA': 0, 'BB': 0}};at=N
94	13	76090294	+	13	76094859	+	aid=94;cn={'1': {'AA': 0, 'AB': 1, 'BA': 0, 'BB': 0}, '2': {'AA': 0, 'AB': 0, 'BA': 0, 'BB': 0}};at=N
128	13	93046526	-	13	97816263	-	aid=128;cn={'1': {'AA': 0, 'AB': 0, 'BA': 1, 'BB': 0}, '2': {'AA': 0, 'AB': 0, 'BA': 1, 'BB': 0}};at=N
13	13	97815754	+	17	20902961	-	aid=13;cn={'1': {'AA': 0, 'AB': 0, 'BA': 1, 'BB': 0}, '2': {'AA': 0, 'AB': 0, 'BA': 1, 'BB': 0}};at=N
137	13	112992297	+	13	112997633	-	aid=137;cn={'1': {'AA': 0, 'AB': 0, 'BA': 0, 'BB': 0}, '2': {'AA': 0, 'AB': 0, 'BA': 0, 'BB': 0}};at=N
73	16	63350216	+	16	63495296	+	aid=73;cn={'1': {'AA': 0, 'AB': 0, 'BA': 0, 'BB': 0}, '2': {'AA': 0, 'AB': 0, 'BA': 0, 'BB': 0}};at=N
72	16	63485137	-	16	63485257	-	aid=72;cn={'1': {'AA': 0, 'AB': 0, 'BA': 0, 'BB': 0}, '2': {'AA': 0, 'AB': 0, 'BA': 0, 'BB': 0}};at=N
108	16	63485201	+	16	77622495	+	aid=108;cn={'1': {'AA': 0, 'AB': 0, 'BA': 0, 'BB': 0}, '2': {'AA': 0, 'AB': 0, 'BA': 0, 'BB': 0}};at=N
109	16	63496471	-	16	77622824	-	aid=109;cn={'1': {'AA': 0, 'AB': 0, 'BA': 0, 'BB': 0}, '2': {'AA': 0, 'AB': 0, 'BA': 0, 'BB': 0}};at=N
1	17	215822	+	17	216079	-	aid=1;cn={'1': {'AA': 0, 'AB': 0, 'BA': 0, 'BB': 0}, '2': {'AA': 0, 'AB': 0, 'BA': 0, 'BB': 0}};at=N
11	17	5505005	-	17	17128183	-	aid=11;cn={'1': {'AA': 0, 'AB': 0, 'BA': 0, 'BB': 1}, '2': {'AA': 0, 'AB': 0, 'BA': 0, 'BB': 1}};at=N
5	17	5505272	+	17	5521624	+	aid=5;cn={'1': {'AA': 0, 'AB': 0, 'BA': 0, 'BB': 1}, '2': {'AA': 0, 'AB': 0, 'BA': 0, 'BB': 1}};at=N
178	2	4787350	+	4	182418058	+	aid=178;cn={'1': {'AA': 0, 'AB': 0, 'BA': 0, 'BB': 0}, '2': {'AA': 0, 'AB': 0, 'BA': 0, 'BB': 0}};at=N
152	2	136269802	+	2	136271052	-	aid=152;cn={'1': {'AA': 0, 'AB': 0, 'BA': 0, 'BB': 0}, '2': {'AA': 0, 'AB': 0, 'BA': 0, 'BB': 0}};at=N
39	2	192831922	+	21	39760414	-	aid=39;cn={'1': {'AA': 0, 'AB': 0, 'BA': 0, 'BB': 0}, '2': {'AA': 0, 'AB': 0, 'BA': 0, 'BB': 0}};at=N
40	2	192831923	-	21	39771173	+	aid=40;cn={'1': {'AA': 0, 'AB': 0, 'BA': 0, 'BB': 0}, '2': {'AA': 0, 'AB': 0, 'BA': 0, 'BB': 0}};at=N
186	2	211637063	-	2	212318467	+	aid=186;cn={'1': {'AA': 1, 'AB': 0, 'BA': 0, 'BB': 0}, '2': {'AA': 1, 'AB': 0, 'BA': 0, 'BB': 0}};at=N
18	2	230712790	+	9	29431440	+	aid=18;cn={'1': {'AA': 0, 'AB': 0, 'BA': 0, 'BB': 0}, '2': {'AA': 0, 'AB': 0, 'BA': 0, 'BB': 0}};at=N
19	2	230712791	-	9	29431598	-	aid=19;cn={'1': {'AA': 0, 'AB': 0, 'BA': 0, 'BB': 0}, '2': {'AA': 0, 'AB': 0, 'BA': 0, 'BB': 0}};at=N
50	21	39845601	+	21	42870571	-	aid=50;cn={'1': {'AA': 0, 'AB': 0, 'BA': 0, 'BB': 1}, '2': {'AA': 0, 'AB': 0, 'BA': 0, 'BB': 1}};at=N
53	21	46371793	+	21	46372111	-	aid=53;cn={'1': {'AA': 0, 'AB': 0, 'BA': 0, 'BB': 0}, '2': {'AA': 0, 'AB': 0, 'BA': 0, 'BB': 0}};at=N
15	22	25660910	+	22	25928700	-	aid=15;cn={'1': {'AA': 0, 'AB': 0, 'BA': 0, 'BB': 0}, '2': {'AA': 0, 'AB': 0, 'BA': 0, 'BB': 0}};at=N
16	22	25917970	+	22	25928768	-	aid=16;cn={'1': {'AA': 0, 'AB': 0, 'BA': 0, 'BB': 0}, '2': {'AA': 0, 'AB': 0, 'BA': 0, 'BB': 0}};at=N
64	3	7098985	+	12	55176237	+	aid=64;cn={'1': {'AA': 0, 'AB': 0, 'BA': 0, 'BB': 0}, '2': {'AA': 0, 'AB': 0, 'BA': 0, 'BB': 0}};at=N
63	3	7099335	-	3	51363512	-	aid=63;cn={'1': {'AA': 0, 'AB': 0, 'BA': 0, 'BB': 0}, '2': {'AA': 0, 'AB': 0, 'BA': 0, 'BB': 0}};at=N
61	3	9349020	+	3	49557706	+	aid=61;cn={'1': {'AA': 0, 'AB': 0, 'BA': 0, 'BB': 0}, '2': {'AA': 0, 'AB': 0, 'BA': 0, 'BB': 0}};at=N
66	3	12563559	-	12	55499056	+	aid=66;cn={'1': {'AA': 0, 'AB': 0, 'BA': 0, 'BB': 0}, '2': {'AA': 0, 'AB': 0, 'BA': 0, 'BB': 0}};at=N
148	3	28446469	+	3	131499737	+	aid=148;cn={'1': {'AA': 0, 'AB': 2, 'BA': 0, 'BB': 0}, '2': {'AA': 0, 'AB': 2, 'BA': 0, 'BB': 0}};at=N
83	3	28446624	-	3	70124312	-	aid=83;cn={'1': {'AA': 2, 'AB': 0, 'BA': 0, 'BB': 0}, '2': {'AA': 2, 'AB': 0, 'BA': 0, 'BB': 0}};at=N
167	3	31218319	+	3	152950665	-	aid=167;cn={'1': {'AA': 0, 'AB': 2, 'BA': 0, 'BB': 0}, '2': {'AA': 0, 'AB': 1, 'BA': 0, 'BB': 0}};at=N
89	3	32383360	-	3	72604841	-	aid=89;cn={'1': {'AA': 0, 'AB': 2, 'BA': 0, 'BB': 0}, '2': {'AA': 0, 'AB': 1, 'BA': 0, 'BB': 0}};at=N
23	3	33296554	+	3	33296924	-	aid=23;cn={'1': {'AA': 0, 'AB': 0, 'BA': 0, 'BB': 0}, '2': {'AA': 0, 'AB': 0, 'BA': 0, 'BB': 0}};at=N
151	3	39856956	+	3	131906258	-	aid=151;cn={'1': {'AA': 0, 'AB': 2, 'BA': 0, 'BB': 0}, '2': {'AA': 0, 'AB': 2, 'BA': 0, 'BB': 0}};at=N
80	3	39856957	-	3	68694995	+	aid=80;cn={'1': {'AA': 0, 'AB': 2, 'BA': 0, 'BB': 0}, '2': {'AA': 0, 'AB': 2, 'BA': 0, 'BB': 0}};at=N
52	3	42004098	-	4	44576671	+	aid=52;cn={'1': {'AA': 0, 'AB': 0, 'BA': 0, 'BB': 0}, '2': {'AA': 0, 'AB': 0, 'BA': 0, 'BB': 0}};at=N
166	3	42073979	+	3	152950445	+	aid=166;cn={'1': {'AA': 0, 'AB': 2, 'BA': 0, 'BB': 0}, '2': {'AA': 0, 'AB': 1, 'BA': 0, 'BB': 0}};at=N
81	3	42074177	-	3	69245718	+	aid=81;cn={'1': {'AA': 0, 'AB': 2, 'BA': 0, 'BB': 0}, '2': {'AA': 0, 'AB': 1, 'BA': 0, 'BB': 0}};at=N
60	3	45266254	+	3	48811439	-	aid=60;cn={'1': {'AA': 0, 'AB': 2, 'BA': 0, 'BB': 0}, '2': {'AA': 0, 'AB': 2, 'BA': 0, 'BB': 0}};at=N
54	3	48799834	-	17	47658703	-	aid=54;cn={'1': {'AA': 1, 'AB': 0, 'BA': 0, 'BB': 0}, '2': {'AA': 1, 'AB': 0, 'BA': 0, 'BB': 0}};at=N
57	3	48811104	+	17	47791754	-	aid=57;cn={'1': {'AA': 0, 'AB': 0, 'BA': 1, 'BB': 0}, '2': {'AA': 0, 'AB': 0, 'BA': 1, 'BB': 0}};at=N
65	3	58314704	-	8	55488847	+	aid=65;cn={'1': {'AA': 0, 'AB': 0, 'BA': 0, 'BB': 0}, '2': {'AA': 0, 'AB': 0, 'BA': 0, 'BB': 0}};at=N
86	3	68694996	-	3	71281400	-	aid=86;cn={'1': {'AA': 0, 'AB': 0, 'BA': 0, 'BB': 2}, '2': {'AA': 0, 'AB': 0, 'BA': 0, 'BB': 2}};at=N
82	3	68695010	-	3	69245839	+	aid=82;cn={'1': {'AA': 0, 'AB': 0, 'BA': 0, 'BB': 0}, '2': {'AA': 0, 'AB': 0, 'BA': 0, 'BB': 0}};at=N
87	3	69245719	-	3	71281456	-	aid=87;cn={'1': {'AA': 0, 'AB': 0, 'BA': 0, 'BB': 0}, '2': {'AA': 0, 'AB': 0, 'BA': 0, 'BB': 0}};at=N
170	3	70125048	+	3	154439230	-	aid=170;cn={'1': {'AA': 0, 'AB': 2, 'BA': 0, 'BB': 0}, '2': {'AA': 0, 'AB': 2, 'BA': 0, 'BB': 0}};at=N
168	3	71670471	+	3	153775568	+	aid=168;cn={'1': {'AA': 0, 'AB': 0, 'BA': 0, 'BB': 2}, '2': {'AA': 0, 'AB': 0, 'BA': 0, 'BB': 2}};at=N
124	3	96678702	-	3	96807832	+	aid=124;cn={'1': {'AA': 0, 'AB': 0, 'BA': 0, 'BB': 0}, '2': {'AA': 0, 'AB': 0, 'BA': 0, 'BB': 0}};at=N
21	4	31794384	-	4	32811092	+	aid=21;cn={'1': {'AA': 1, 'AB': 0, 'BA': 0, 'BB': 0}, '2': {'AA': 1, 'AB': 0, 'BA': 0, 'BB': 0}};at=N
129	4	79868482	+	4	102178211	-	aid=129;cn={'1': {'AA': 0, 'AB': 0, 'BA': 0, 'BB': 1}, '2': {'AA': 0, 'AB': 0, 'BA': 0, 'BB': 1}};at=N
20	5	32606478	+	5	32606884	-	aid=20;cn={'1': {'AA': 0, 'AB': 0, 'BA': 0, 'BB': 0}, '2': {'AA': 0, 'AB': 0, 'BA': 0, 'BB': 0}};at=N
24	5	34900582	+	5	35209523	+	aid=24;cn={'1': {'AA': 0, 'AB': 0, 'BA': 0, 'BB': 0}, '2': {'AA': 0, 'AB': 0, 'BA': 0, 'BB': 0}};at=N
25	5	34911405	-	5	35209695	-	aid=25;cn={'1': {'AA': 0, 'AB': 0, 'BA': 0, 'BB': 0}, '2': {'AA': 0, 'AB': 0, 'BA': 0, 'BB': 0}};at=N
144	5	113000574	+	5	129092186	-	aid=144;cn={'1': {'AA': 0, 'AB': 0, 'BA': 0, 'BB': 1}, '2': {'AA': 0, 'AB': 0, 'BA': 0, 'BB': 1}};at=N
8	6	12617335	+	6	12617768	-	aid=8;cn={'1': {'AA': 0, 'AB': 0, 'BA': 0, 'BB': 0}, '2': {'AA': 0, 'AB': 0, 'BA': 0, 'BB': 0}};at=N
6	7	6460949	+	7	6461229	-	aid=6;cn={'1': {'AA': 0, 'AB': 0, 'BA': 0, 'BB': 0}, '2': {'AA': 0, 'AB': 0, 'BA': 0, 'BB': 0}};at=N
22	7	32666002	+	7	32974766	+	aid=22;cn={'1': {'AA': 0, 'AB': 0, 'BA': 0, 'BB': 0}, '2': {'AA': 0, 'AB': 0, 'BA': 0, 'BB': 0}};at=N
37	7	62634536	-	8	39594594	+	aid=37;cn={'1': {'AA': 2, 'AB': 0, 'BA': 0, 'BB': 0}, '2': {'AA': 2, 'AB': 0, 'BA': 0, 'BB': 0}};at=N
88	7	63970988	-	X	72248516	+	aid=88;cn={'1': {'AA': 1, 'AB': 0, 'BA': 0, 'BB': 0}, '2': {'AA': 1, 'AB': 0, 'BA': 0, 'BB': 0}};at=N
77	7	64728636	+	7	64729113	+	aid=77;cn={'1': {'AA': 0, 'AB': 0, 'BA': 0, 'BB': 0}, '2': {'AA': 0, 'AB': 0, 'BA': 0, 'BB': 0}};at=N
30	7	65372118	-	8	39028410	-	aid=30;cn={'1': {'AA': 0, 'AB': 0, 'BA': 0, 'BB': 0}, '2': {'AA': 0, 'AB': 0, 'BA': 0, 'BB': 0}};at=N
78	7	65772760	+	X	65872479	-	aid=78;cn={'1': {'AA': 3, 'AB': 0, 'BA': 0, 'BB': 0}, '2': {'AA': 3, 'AB': 0, 'BA': 0, 'BB': 0}};at=N
155	7	66764000	+	7	143847000	-	aid=155;cn={'1': {'AA': 0, 'AB': 0, 'BA': 0, 'BB': 0}, '2': {'AA': 0, 'AB': 0, 'BA': 0, 'BB': 1}};at=N
48	7	96283876	+	8	41880743	+	aid=48;cn={'1': {'AA': 0, 'AB': 0, 'BA': 0, 'BB': 0}, '2': {'AA': 0, 'AB': 0, 'BA': 0, 'BB': 0}};at=N
156	7	103226183	-	7	143850799	+	aid=156;cn={'1': {'AA': 0, 'AB': 0, 'BA': 0, 'BB': 0}, '2': {'AA': 1, 'AB': 0, 'BA': 0, 'BB': 0}};at=N
140	7	107134346	+	7	124304816	+	aid=140;cn={'1': {'AA': 0, 'AB': 0, 'BA': 0, 'BB': 0}, '2': {'AA': 0, 'AB': 1, 'BA': 0, 'BB': 0}};at=N
139	7	117580290	-	7	119895809	-	aid=139;cn={'1': {'AA': 0, 'AB': 0, 'BA': 0, 'BB': 0}, '2': {'AA': 0, 'AB': 0, 'BA': 0, 'BB': 1}};at=N
138	7	117739674	+	7	117740966	+	aid=138;cn={'1': {'AA': 0, 'AB': 0, 'BA': 0, 'BB': 0}, '2': {'AA': 0, 'AB': 0, 'BA': 0, 'BB': 0}};at=N
44	7	120349898	+	8	40093339	-	aid=44;cn={'1': {'AA': 0, 'AB': 0, 'BA': 0, 'BB': 0}, '2': {'AA': 0, 'AB': 0, 'BA': 0, 'BB': 0}};at=N
113	7	120349899	-	X	79656744	+	aid=113;cn={'1': {'AA': 0, 'AB': 0, 'BA': 0, 'BB': 1}, '2': {'AA': 0, 'AB': 0, 'BA': 0, 'BB': 0}};at=N
98	7	121705867	+	X	76307237	+	aid=98;cn={'1': {'AA': 0, 'AB': 0, 'BA': 0, 'BB': 0}, '2': {'AA': 0, 'AB': 0, 'BA': 2, 'BB': 0}};at=N
141	7	123155809	+	7	124810492	+	aid=141;cn={'1': {'AA': 0, 'AB': 0, 'BA': 1, 'BB': 0}, '2': {'AA': 0, 'AB': 0, 'BA': 1, 'BB': 0}};at=N
142	7	123160535	-	7	126201771	-	aid=142;cn={'1': {'AA': 0, 'AB': 0, 'BA': 3, 'BB': 0}, '2': {'AA': 0, 'AB': 0, 'BA': 4, 'BB': 0}};at=N
146	7	123422000	+	7	130577000	-	aid=146;cn={'1': {'AA': 0, 'AB': 0, 'BA': 2, 'BB': 0}, '2': {'AA': 0, 'AB': 0, 'BA': 0, 'BB': 0}};at=N
145	7	124304817	-	7	130573241	-	aid=145;cn={'1': {'AA': 0, 'AB': 0, 'BA': 0, 'BB': 0}, '2': {'AA': 0, 'AB': 0, 'BA': 0, 'BB': 0}};at=N
143	7	124813261	-	7	126207667	+	aid=143;cn={'1': {'AA': 0, 'AB': 1, 'BA': 0, 'BB': 0}, '2': {'AA': 0, 'AB': 1, 'BA': 0, 'BB': 0}};at=N
45	7	125689685	+	8	40211102	+	aid=45;cn={'1': {'AA': 0, 'AB': 0, 'BA': 0, 'BB': 0}, '2': {'AA': 1, 'AB': 0, 'BA': 0, 'BB': 0}};at=N
149	7	125720564	-	7	131614712	+	aid=149;cn={'1': {'AA': 0, 'AB': 0, 'BA': 0, 'BB': 0}, '2': {'AA': 0, 'AB': 0, 'BA': 0, 'BB': 0}};at=N
157	7	126211429	-	7	143855835	+	aid=157;cn={'1': {'AA': 0, 'AB': 0, 'BA': 0, 'BB': 0}, '2': {'AA': 0, 'AB': 0, 'BA': 0, 'BB': 0}};at=N
112	7	126330848	-	8	79278468	-	aid=112;cn={'1': {'AA': 0, 'AB': 0, 'BA': 0, 'BB': 0}, '2': {'AA': 0, 'AB': 0, 'BA': 0, 'BB': 0}};at=N
32	7	127698490	+	8	39091583	+	aid=32;cn={'1': {'AA': 1, 'AB': 0, 'BA': 0, 'BB': 0}, '2': {'AA': 2, 'AB': 0, 'BA': 0, 'BB': 0}};at=N
74	7	127698550	-	8	64597798	+	aid=74;cn={'1': {'AA': 0, 'AB': 2, 'BA': 0, 'BB': 0}, '2': {'AA': 0, 'AB': 2, 'BA': 0, 'BB': 0}};at=N
114	7	127700047	+	X	81049699	+	aid=114;cn={'1': {'AA': 0, 'AB': 0, 'BA': 0, 'BB': 1}, '2': {'AA': 0, 'AB': 0, 'BA': 0, 'BB': 1}};at=N
51	7	127742496	-	8	43324487	+	aid=51;cn={'1': {'AA': 0, 'AB': 0, 'BA': 2, 'BB': 0}, '2': {'AA': 0, 'AB': 0, 'BA': 1, 'BB': 0}};at=N
100	7	127742681	+	X	76916965	+	aid=100;cn={'1': {'AA': 3, 'AB': 0, 'BA': 0, 'BB': 0}, '2': {'AA': 2, 'AB': 0, 'BA': 0, 'BB': 0}};at=N
160	7	127786301	+	7	148891231	-	aid=160;cn={'1': {'AA': 0, 'AB': 0, 'BA': 1, 'BB': 0}, '2': {'AA': 0, 'AB': 0, 'BA': 1, 'BB': 0}};at=N
147	7	131199536	-	7	131254119	-	aid=147;cn={'1': {'AA': 0, 'AB': 0, 'BA': 0, 'BB': 0}, '2': {'AA': 1, 'AB': 0, 'BA': 0, 'BB': 0}};at=N
41	7	131254118	+	8	39795111	-	aid=41;cn={'1': {'AA': 1, 'AB': 0, 'BA': 0, 'BB': 0}, '2': {'AA': 1, 'AB': 0, 'BA': 0, 'BB': 0}};at=N
150	7	131835427	+	7	131844674	-	aid=150;cn={'1': {'AA': 1, 'AB': 0, 'BA': 0, 'BB': 0}, '2': {'AA': 1, 'AB': 0, 'BA': 0, 'BB': 0}};at=N
76	7	131877038	+	X	64689146	-	aid=76;cn={'1': {'AA': 1, 'AB': 0, 'BA': 0, 'BB': 0}, '2': {'AA': 1, 'AB': 0, 'BA': 0, 'BB': 0}};at=N
101	7	133745031	-	X	76950951	-	aid=101;cn={'1': {'AA': 0, 'AB': 2, 'BA': 0, 'BB': 0}, '2': {'AA': 0, 'AB': 2, 'BA': 0, 'BB': 0}};at=N
153	7	133949087	+	7	138278793	+	aid=153;cn={'1': {'AA': 2, 'AB': 0, 'BA': 0, 'BB': 0}, '2': {'AA': 2, 'AB': 0, 'BA': 0, 'BB': 0}};at=N
91	7	137543218	-	X	74718887	-	aid=91;cn={'1': {'AA': 2, 'AB': 0, 'BA': 0, 'BB': 0}, '2': {'AA': 2, 'AB': 0, 'BA': 0, 'BB': 0}};at=N
92	7	138843935	-	X	75877656	-	aid=92;cn={'1': {'AA': 3, 'AB': 0, 'BA': 0, 'BB': 0}, '2': {'AA': 3, 'AB': 0, 'BA': 0, 'BB': 0}};at=N
90	7	141108472	+	X	73207892	+	aid=90;cn={'1': {'AA': 2, 'AB': 0, 'BA': 0, 'BB': 0}, '2': {'AA': 2, 'AB': 0, 'BA': 0, 'BB': 0}};at=N
154	7	141416122	+	7	141696535	+	aid=154;cn={'1': {'AA': 0, 'AB': 0, 'BA': 0, 'BB': 0}, '2': {'AA': 0, 'AB': 0, 'BA': 0, 'BB': 0}};at=N
75	7	144545124	+	8	64675443	-	aid=75;cn={'1': {'AA': 0, 'AB': 0, 'BA': 0, 'BB': 0}, '2': {'AA': 0, 'AB': 0, 'BA': 0, 'BB': 0}};at=N
36	7	144709000	+	8	39495800	-	aid=36;cn={'1': {'AA': 0, 'AB': 0, 'BA': 0, 'BB': 0}, '2': {'AA': 0, 'AB': 0, 'BA': 0, 'BB': 0}};at=N
27	7	145016824	-	8	38428588	+	aid=27;cn={'1': {'AA': 0, 'AB': 0, 'BA': 0, 'BB': 0}, '2': {'AA': 1, 'AB': 0, 'BA': 0, 'BB': 0}};at=N
106	7	148086748	-	8	77332726	-	aid=106;cn={'1': {'AA': 0, 'AB': 0, 'BA': 0, 'BB': 0}, '2': {'AA': 0, 'AB': 0, 'BA': 0, 'BB': 0}};at=N
35	7	148117188	+	8	39369284	-	aid=35;cn={'1': {'AA': 0, 'AB': 0, 'BA': 0, 'BB': 0}, '2': {'AA': 0, 'AB': 0, 'BA': 0, 'BB': 0}};at=N
105	7	148118460	+	8	77285258	+	aid=105;cn={'1': {'AA': 0, 'AB': 0, 'BA': 0, 'BB': 0}, '2': {'AA': 0, 'AB': 0, 'BA': 0, 'BB': 0}};at=N
31	7	148210426	-	8	39049951	+	aid=31;cn={'1': {'AA': 0, 'AB': 0, 'BA': 0, 'BB': 0}, '2': {'AA': 0, 'AB': 0, 'BA': 0, 'BB': 0}};at=N
111	7	149685300	+	X	78525003	+	aid=111;cn={'1': {'AA': 0, 'AB': 0, 'BA': 0, 'BB': 0}, '2': {'AA': 0, 'AB': 0, 'BA': 0, 'BB': 0}};at=N
120	7	149937924	+	X	82428560	+	aid=120;cn={'1': {'AA': 0, 'AB': 3, 'BA': 0, 'BB': 0}, '2': {'AA': 0, 'AB': 3, 'BA': 0, 'BB': 0}};at=N
59	8	8880634	-	8	48713958	-	aid=59;cn={'1': {'AA': 0, 'AB': 0, 'BA': 0, 'BB': 0}, '2': {'AA': 0, 'AB': 0, 'BA': 0, 'BB': 0}};at=N
58	8	8880702	+	8	48713957	+	aid=58;cn={'1': {'AA': 0, 'AB': 0, 'BA': 0, 'BB': 0}, '2': {'AA': 0, 'AB': 0, 'BA': 0, 'BB': 0}};at=N
3	8	35887937	+	X	2835637	-	aid=3;cn={'1': {'AA': 0, 'AB': 0, 'BA': 0, 'BB': 0}, '2': {'AA': 0, 'AB': 0, 'BA': 0, 'BB': 0}};at=N
26	8	37404524	-	8	37405216	-	aid=26;cn={'1': {'AA': 0, 'AB': 0, 'BA': 0, 'BB': 0}, '2': {'AA': 0, 'AB': 0, 'BA': 0, 'BB': 0}};at=N
33	8	38087687	-	8	39138005	-	aid=33;cn={'1': {'AA': 1, 'AB': 0, 'BA': 0, 'BB': 0}, '2': {'AA': 2, 'AB': 0, 'BA': 0, 'BB': 0}};at=N
96	8	38212230	-	X	76255225	+	aid=96;cn={'1': {'AA': 7, 'AB': 0, 'BA': 0, 'BB': 0}, '2': {'AA': 6, 'AB': 0, 'BA': 0, 'BB': 0}};at=N
49	8	38573362	+	18	42569598	-	aid=49;cn={'1': {'AA': 0, 'AB': 0, 'BA': 0, 'BB': 0}, '2': {'AA': 0, 'AB': 0, 'BA': 0, 'BB': 0}};at=N
29	8	38622962	-	8	38650973	-	aid=29;cn={'1': {'AA': 1, 'AB': 0, 'BA': 0, 'BB': 0}, '2': {'AA': 1, 'AB': 0, 'BA': 0, 'BB': 0}};at=N
28	8	38624368	-	8	38641889	+	aid=28;cn={'1': {'AA': 1, 'AB': 0, 'BA': 0, 'BB': 0}, '2': {'AA': 1, 'AB': 0, 'BA': 0, 'BB': 0}};at=N
47	8	38913276	+	8	40934740	+	aid=47;cn={'1': {'AA': 0, 'AB': 0, 'BA': 0, 'BB': 0}, '2': {'AA': 0, 'AB': 0, 'BA': 0, 'BB': 0}};at=N
118	8	39263195	-	X	81677684	+	aid=118;cn={'1': {'AA': 0, 'AB': 0, 'BA': 0, 'BB': 0}, '2': {'AA': 0, 'AB': 0, 'BA': 0, 'BB': 0}};at=N
38	8	39564592	-	8	39602059	-	aid=38;cn={'1': {'AA': 0, 'AB': 0, 'BA': 0, 'BB': 0}, '2': {'AA': 0, 'AB': 0, 'BA': 0, 'BB': 0}};at=N
103	8	39690812	-	X	77189330	+	aid=103;cn={'1': {'AA': 0, 'AB': 1, 'BA': 0, 'BB': 0}, '2': {'AA': 0, 'AB': 1, 'BA': 0, 'BB': 0}};at=N
46	8	39691140	+	8	40839243	+	aid=46;cn={'1': {'AA': 0, 'AB': 0, 'BA': 0, 'BB': 0}, '2': {'AA': 0, 'AB': 0, 'BA': 0, 'BB': 0}};at=N
102	8	39865407	+	X	77186197	-	aid=102;cn={'1': {'AA': 0, 'AB': 6, 'BA': 0, 'BB': 0}, '2': {'AA': 0, 'AB': 5, 'BA': 0, 'BB': 0}};at=N
42	8	39919506	-	8	39920276	-	aid=42;cn={'1': {'AA': 0, 'AB': 0, 'BA': 0, 'BB': 0}, '2': {'AA': 0, 'AB': 0, 'BA': 0, 'BB': 0}};at=N
43	8	40050100	+	8	40050344	-	aid=43;cn={'1': {'AA': 0, 'AB': 0, 'BA': 0, 'BB': 0}, '2': {'AA': 0, 'AB': 0, 'BA': 0, 'BB': 0}};at=N
126	8	49862749	-	12	96967087	-	aid=126;cn={'1': {'AA': 0, 'AB': 0, 'BA': 0, 'BB': 0}, '2': {'AA': 0, 'AB': 0, 'BA': 0, 'BB': 0}};at=N
62	8	49862893	+	8	49867548	-	aid=62;cn={'1': {'AA': 0, 'AB': 0, 'BA': 0, 'BB': 0}, '2': {'AA': 0, 'AB': 0, 'BA': 0, 'BB': 0}};at=N
125	8	49867547	+	12	96967086	+	aid=125;cn={'1': {'AA': 0, 'AB': 0, 'BA': 0, 'BB': 0}, '2': {'AA': 0, 'AB': 0, 'BA': 0, 'BB': 0}};at=N
115	8	64595479	-	X	81121699	-	aid=115;cn={'1': {'AA': 0, 'AB': 0, 'BA': 0, 'BB': 2}, '2': {'AA': 0, 'AB': 0, 'BA': 0, 'BB': 2}};at=N
71	8	76511929	+	X	62202062	-	aid=71;cn={'1': {'AA': 0, 'AB': 0, 'BA': 0, 'BB': 0}, '2': {'AA': 0, 'AB': 0, 'BA': 0, 'BB': 0}};at=N
99	8	76513148	+	8	76601527	-	aid=99;cn={'1': {'AA': 0, 'AB': 0, 'BA': 0, 'BB': 0}, '2': {'AA': 0, 'AB': 0, 'BA': 0, 'BB': 0}};at=N
70	8	78270529	+	X	62166400	+	aid=70;cn={'1': {'AA': 0, 'AB': 0, 'BA': 0, 'BB': 0}, '2': {'AA': 0, 'AB': 0, 'BA': 0, 'BB': 0}};at=N
2	9	2000978	+	9	2001305	-	aid=2;cn={'1': {'AA': 0, 'AB': 0, 'BA': 0, 'BB': 0}, '2': {'AA': 0, 'AB': 0, 'BA': 0, 'BB': 0}};at=N
9	9	13655411	+	9	13655744	-	aid=9;cn={'1': {'AA': 0, 'AB': 0, 'BA': 0, 'BB': 0}, '2': {'AA': 0, 'AB': 0, 'BA': 0, 'BB': 0}};at=N
116	9	79836447	+	9	81223979	+	aid=116;cn={'1': {'AA': 0, 'AB': 0, 'BA': 0, 'BB': 0}, '2': {'AA': 0, 'AB': 0, 'BA': 0, 'BB': 0}};at=N
117	9	79836448	-	9	81224705	-	aid=117;cn={'1': {'AA': 0, 'AB': 0, 'BA': 0, 'BB': 0}, '2': {'AA': 0, 'AB': 0, 'BA': 0, 'BB': 0}};at=N
10	X	16742547	+	X	16742780	-	aid=10;cn={'1': {'AA': 0, 'AB': 0, 'BA': 0, 'BB': 0}, '2': {'AA': 0, 'AB': 0, 'BA': 0, 'BB': 0}};at=N
119	X	64672321	+	X	81992999	-	aid=119;cn={'1': {'AA': 1, 'AB': 0, 'BA': 0, 'BB': 0}, '2': {'AA': 1, 'AB': 0, 'BA': 0, 'BB': 0}};at=N
85	X	68343234	+	X	70513018	-	aid=85;cn={'1': {'AA': 3, 'AB': 0, 'BA': 0, 'BB': 0}, '2': {'AA': 3, 'AB': 0, 'BA': 0, 'BB': 0}};at=N
84	X	70466644	+	X	70482467	-	aid=84;cn={'1': {'AA': 1, 'AB': 0, 'BA': 0, 'BB': 0}, '2': {'AA': 1, 'AB': 0, 'BA': 0, 'BB': 0}};at=N
110	X	75013413	+	X	78014873	-	aid=110;cn={'1': {'AA': 0, 'AB': 2, 'BA': 0, 'BB': 0}, '2': {'AA': 0, 'AB': 2, 'BA': 0, 'BB': 0}};at=N
97	X	76242526	-	X	76280732	-	aid=97;cn={'1': {'AA': 3, 'AB': 0, 'BA': 0, 'BB': 0}, '2': {'AA': 3, 'AB': 0, 'BA': 0, 'BB': 0}};at=N
104	X	77202555	+	X	77207409	-	aid=104;cn={'1': {'AA': 0, 'AB': 0, 'BA': 0, 'BB': 4}, '2': {'AA': 0, 'AB': 0, 'BA': 0, 'BB': 3}};at=N
107	X	77338726	+	X	77339747	+	aid=107;cn={'1': {'AA': 0, 'AB': 0, 'BA': 0, 'BB': 3}, '2': {'AA': 0, 'AB': 0, 'BA': 0, 'BB': 3}};at=N
r1	1	12866857	+	1	12866858	-	aid=r1;cn={'1': {'AA': 1, 'AB': 0, 'BA': 0, 'BB': 1}, '2': {'AA': 1, 'AB': 0, 'BA': 0, 'BB': 1}};at=R
r2	1	13340292	+	1	13340293	-	aid=r2;cn={'1': {'AA': 1, 'AB': 0, 'BA': 0, 'BB': 1}, '2': {'AA': 1, 'AB': 0, 'BA': 0, 'BB': 1}};at=R
r3	1	143756060	+	1	143756061	-	aid=r3;cn={'1': {'AA': 1, 'AB': 0, 'BA': 0, 'BB': 1}, '2': {'AA': 1, 'AB': 0, 'BA': 0, 'BB': 1}};at=R
r4	1	144857481	+	1	144857482	-	aid=r4;cn={'1': {'AA': 1, 'AB': 0, 'BA': 0, 'BB': 1}, '2': {'AA': 1, 'AB': 0, 'BA': 0, 'BB': 1}};at=R
r5	1	144890318	+	1	144890319	-	aid=r5;cn={'1': {'AA': 1, 'AB': 0, 'BA': 0, 'BB': 1}, '2': {'AA': 1, 'AB': 0, 'BA': 0, 'BB': 1}};at=R
r6	1	145113075	+	1	145113076	-	aid=r6;cn={'1': {'AA': 1, 'AB': 0, 'BA': 0, 'BB': 1}, '2': {'AA': 1, 'AB': 0, 'BA': 0, 'BB': 1}};at=R
r7	1	145521640	+	1	145521641	-	aid=r7;cn={'1': {'AA': 1, 'AB': 0, 'BA': 0, 'BB': 1}, '2': {'AA': 1, 'AB': 0, 'BA': 0, 'BB': 1}};at=R
r8	1	146640317	+	1	146640318	-	aid=r8;cn={'1': {'AA': 1, 'AB': 0, 'BA': 0, 'BB': 2}, '2': {'AA': 1, 'AB': 0, 'BA': 0, 'BB': 3}};at=R
r9	1	146640620	+	1	146640621	-	aid=r9;cn={'1': {'AA': 1, 'AB': 0, 'BA': 0, 'BB': 2}, '2': {'AA': 1, 'AB': 0, 'BA': 0, 'BB': 3}};at=R
r10	1	146680399	+	1	146680400	-	aid=r10;cn={'1': {'AA': 1, 'AB': 0, 'BA': 0, 'BB': 3}, '2': {'AA': 1, 'AB': 0, 'BA': 0, 'BB': 5}};at=R
r11	1	147014447	+	1	147014448	-	aid=r11;cn={'1': {'AA': 1, 'AB': 0, 'BA': 0, 'BB': 2}, '2': {'AA': 1, 'AB': 0, 'BA': 0, 'BB': 3}};at=R
r12	1	147182700	+	1	147182701	-	aid=r12;cn={'1': {'AA': 1, 'AB': 0, 'BA': 0, 'BB': 2}, '2': {'AA': 1, 'AB': 0, 'BA': 0, 'BB': 3}};at=R
r13	1	147194326	+	1	147194327	-	aid=r13;cn={'1': {'AA': 1, 'AB': 0, 'BA': 0, 'BB': 2}, '2': {'AA': 1, 'AB': 0, 'BA': 0, 'BB': 3}};at=R
r14	1	148869264	+	1	148869265	-	aid=r14;cn={'1': {'AA': 1, 'AB': 0, 'BA': 0, 'BB': 2}, '2': {'AA': 1, 'AB': 0, 'BA': 0, 'BB': 3}};at=R
r15	1	148893605	+	1	148893606	-	aid=r15;cn={'1': {'AA': 1, 'AB': 0, 'BA': 0, 'BB': 2}, '2': {'AA': 1, 'AB': 0, 'BA': 0, 'BB': 3}};at=R
r16	1	149197601	+	1	149197602	-	aid=r16;cn={'1': {'AA': 1, 'AB': 0, 'BA': 0, 'BB': 2}, '2': {'AA': 1, 'AB': 0, 'BA': 0, 'BB': 3}};at=R
r17	1	149216833	+	1	149216834	-	aid=r17;cn={'1': {'AA': 2, 'AB': 0, 'BA': 0, 'BB': 2}, '2': {'AA': 3, 'AB': 0, 'BA': 0, 'BB': 3}};at=R
r18	1	149237996	+	1	149237997	-	aid=r18;cn={'1': {'AA': 1, 'AB': 0, 'BA': 0, 'BB': 2}, '2': {'AA': 1, 'AB': 0, 'BA': 0, 'BB': 3}};at=R
r19	1	150088999	+	1	150089000	-	aid=r19;cn={'1': {'AA': 1, 'AB': 0, 'BA': 0, 'BB': 2}, '2': {'AA': 1, 'AB': 0, 'BA': 0, 'BB': 3}};at=R
r20	1	150223550	+	1	150223551	-	aid=r20;cn={'1': {'AA': 1, 'AB': 0, 'BA': 0, 'BB': 2}, '2': {'AA': 1, 'AB': 0, 'BA': 0, 'BB': 3}};at=R
r21	1	150690626	+	1	150690627	-	aid=r21;cn={'1': {'AA': 1, 'AB': 0, 'BA': 0, 'BB': 2}, '2': {'AA': 1, 'AB': 0, 'BA': 0, 'BB': 3}};at=R
r22	1	150952761	+	1	150952762	-	aid=r22;cn={'1': {'AA': 1, 'AB': 0, 'BA': 0, 'BB': 2}, '2': {'AA': 1, 'AB': 0, 'BA': 0, 'BB': 3}};at=R
r23	1	151123303	+	1	151123304	-	aid=r23;cn={'1': {'AA': 1, 'AB': 0, 'BA': 0, 'BB': 2}, '2': {'AA': 1, 'AB': 0, 'BA': 0, 'BB': 3}};at=R
r24	1	151553175	+	1	151553176	-	aid=r24;cn={'1': {'AA': 1, 'AB': 0, 'BA': 0, 'BB': 2}, '2': {'AA': 1, 'AB': 0, 'BA': 0, 'BB': 3}};at=R
r25	1	151694909	+	1	151694910	-	aid=r25;cn={'1': {'AA': 1, 'AB': 0, 'BA': 0, 'BB': 2}, '2': {'AA': 1, 'AB': 0, 'BA': 0, 'BB': 3}};at=R
r26	1	152737591	+	1	152737592	-	aid=r26;cn={'1': {'AA': 1, 'AB': 0, 'BA': 0, 'BB': 1}, '2': {'AA': 1, 'AB': 0, 'BA': 0, 'BB': 1}};at=R
r27	1	153991840	+	1	153991841	-	aid=r27;cn={'1': {'AA': 1, 'AB': 0, 'BA': 0, 'BB': 1}, '2': {'AA': 1, 'AB': 0, 'BA': 0, 'BB': 1}};at=R
r28	1	154310628	+	1	154310629	-	aid=r28;cn={'1': {'AA': 1, 'AB': 0, 'BA': 0, 'BB': 1}, '2': {'AA': 1, 'AB': 0, 'BA': 0, 'BB': 1}};at=R
r29	1	155188498	+	1	155188499	-	aid=r29;cn={'1': {'AA': 1, 'AB': 0, 'BA': 0, 'BB': 1}, '2': {'AA': 1, 'AB': 0, 'BA': 0, 'BB': 1}};at=R
r30	1	169731732	+	1	169731733	-	aid=r30;cn={'1': {'AA': 1, 'AB': 0, 'BA': 0, 'BB': 1}, '2': {'AA': 1, 'AB': 0, 'BA': 0, 'BB': 1}};at=R
r31	1	169740775	+	1	169740776	-	aid=r31;cn={'1': {'AA': 1, 'AB': 0, 'BA': 0, 'BB': 1}, '2': {'AA': 2, 'AB': 0, 'BA': 0, 'BB': 1}};at=R
r32	1	169741992	+	1	169741993	-	aid=r32;cn={'1': {'AA': 1, 'AB': 0, 'BA': 0, 'BB': 1}, '2': {'AA': 2, 'AB': 0, 'BA': 0, 'BB': 1}};at=R
r33	1	169847425	+	1	169847426	-	aid=r33;cn={'1': {'AA': 1, 'AB': 0, 'BA': 0, 'BB': 1}, '2': {'AA': 3, 'AB': 0, 'BA': 0, 'BB': 1}};at=R
r34	1	170212431	+	1	170212432	-	aid=r34;cn={'1': {'AA': 2, 'AB': 0, 'BA': 0, 'BB': 1}, '2': {'AA': 3, 'AB': 0, 'BA': 0, 'BB': 1}};at=R
r35	1	170509164	+	1	170509165	-	aid=r35;cn={'1': {'AA': 1, 'AB': 0, 'BA': 0, 'BB': 1}, '2': {'AA': 3, 'AB': 0, 'BA': 0, 'BB': 1}};at=R
r36	1	170530868	+	1	170530869	-	aid=r36;cn={'1': {'AA': 1, 'AB': 0, 'BA': 0, 'BB': 1}, '2': {'AA': 3, 'AB': 0, 'BA': 0, 'BB': 1}};at=R
r37	1	170553733	+	1	170553734	-	aid=r37;cn={'1': {'AA': 1, 'AB': 0, 'BA': 0, 'BB': 1}, '2': {'AA': 1, 'AB': 0, 'BA': 0, 'BB': 1}};at=R
r38	1	170772000	+	1	170772001	-	aid=r38;cn={'1': {'AA': 1, 'AB': 0, 'BA': 0, 'BB': 1}, '2': {'AA': 1, 'AB': 0, 'BA': 0, 'BB': 1}};at=R
r39	1	170775229	+	1	170775230	-	aid=r39;cn={'1': {'AA': 1, 'AB': 0, 'BA': 0, 'BB': 1}, '2': {'AA': 1, 'AB': 0, 'BA': 0, 'BB': 1}};at=R
r40	1	179661066	+	1	179661067	-	aid=r40;cn={'1': {'AA': 1, 'AB': 0, 'BA': 0, 'BB': 1}, '2': {'AA': 1, 'AB': 0, 'BA': 0, 'BB': 1}};at=R
r41	1	179665032	+	1	179665033	-	aid=r41;cn={'1': {'AA': 1, 'AB': 0, 'BA': 0, 'BB': 1}, '2': {'AA': 1, 'AB': 0, 'BA': 0, 'BB': 1}};at=R
r42	1	180229697	+	1	180229698	-	aid=r42;cn={'1': {'AA': 1, 'AB': 0, 'BA': 0, 'BB': 1}, '2': {'AA': 1, 'AB': 0, 'BA': 0, 'BB': 1}};at=R
r43	1	180237801	+	1	180237802	-	aid=r43;cn={'1': {'AA': 1, 'AB': 0, 'BA': 0, 'BB': 1}, '2': {'AA': 1, 'AB': 0, 'BA': 0, 'BB': 1}};at=R
r44	1	181085828	+	1	181085829	-	aid=r44;cn={'1': {'AA': 1, 'AB': 0, 'BA': 0, 'BB': 1}, '2': {'AA': 1, 'AB': 0, 'BA': 0, 'BB': 1}};at=R
r45	1	181256182	+	1	181256183	-	aid=r45;cn={'1': {'AA': 2, 'AB': 0, 'BA': 0, 'BB': 1}, '2': {'AA': 3, 'AB': 0, 'BA': 0, 'BB': 1}};at=R
r46	1	181279717	+	1	181279718	-	aid=r46;cn={'1': {'AA': 2, 'AB': 0, 'BA': 0, 'BB': 1}, '2': {'AA': 3, 'AB': 0, 'BA': 0, 'BB': 1}};at=R
r47	1	181280093	+	1	181280094	-	aid=r47;cn={'1': {'AA': 2, 'AB': 0, 'BA': 0, 'BB': 1}, '2': {'AA': 3, 'AB': 0, 'BA': 0, 'BB': 1}};at=R
r48	1	182284446	+	1	182284447	-	aid=r48;cn={'1': {'AA': 1, 'AB': 0, 'BA': 0, 'BB': 1}, '2': {'AA': 1, 'AB': 0, 'BA': 0, 'BB': 1}};at=R
r49	1	182300504	+	1	182300505	-	aid=r49;cn={'1': {'AA': 1, 'AB': 0, 'BA': 0, 'BB': 1}, '2': {'AA': 1, 'AB': 0, 'BA': 0, 'BB': 1}};at=R
r50	1	199104839	+	1	199104840	-	aid=r50;cn={'1': {'AA': 1, 'AB': 0, 'BA': 0, 'BB': 1}, '2': {'AA': 1, 'AB': 0, 'BA': 0, 'BB': 1}};at=R
r51	1	199163090	+	1	199163091	-	aid=r51;cn={'1': {'AA': 1, 'AB': 0, 'BA': 0, 'BB': 1}, '2': {'AA': 1, 'AB': 0, 'BA': 0, 'BB': 1}};at=R
r52	1	199416439	+	1	199416440	-	aid=r52;cn={'1': {'AA': 2, 'AB': 0, 'BA': 0, 'BB': 1}, '2': {'AA': 3, 'AB': 0, 'BA': 0, 'BB': 1}};at=R
r53	1	199456681	+	1	199456682	-	aid=r53;cn={'1': {'AA': 1, 'AB': 0, 'BA': 0, 'BB': 1}, '2': {'AA': 1, 'AB': 0, 'BA': 0, 'BB': 1}};at=R
r54	1	199476167	+	1	199476168	-	aid=r54;cn={'1': {'AA': 1, 'AB': 0, 'BA': 0, 'BB': 1}, '2': {'AA': 1, 'AB': 0, 'BA': 0, 'BB': 1}};at=R
r55	1	203044150	+	1	203044151	-	aid=r55;cn={'1': {'AA': 1, 'AB': 0, 'BA': 0, 'BB': 1}, '2': {'AA': 1, 'AB': 0, 'BA': 0, 'BB': 1}};at=R
r56	1	203044958	+	1	203044959	-	aid=r56;cn={'1': {'AA': 1, 'AB': 0, 'BA': 0, 'BB': 1}, '2': {'AA': 1, 'AB': 0, 'BA': 0, 'BB': 1}};at=R
r57	1	203908562	+	1	203908563	-	aid=r57;cn={'1': {'AA': 1, 'AB': 0, 'BA': 0, 'BB': 3}, '2': {'AA': 1, 'AB': 0, 'BA': 0, 'BB': 3}};at=R
r58	1	204578400	+	1	204578401	-	aid=r58;cn={'1': {'AA': 1, 'AB': 0, 'BA': 0, 'BB': 2}, '2': {'AA': 1, 'AB': 0, 'BA': 0, 'BB': 3}};at=R
r59	1	204785000	+	1	204785001	-	aid=r59;cn={'1': {'AA': 1, 'AB': 0, 'BA': 0, 'BB': 1}, '2': {'AA': 1, 'AB': 0, 'BA': 0, 'BB': 2}};at=R
r60	1	204852090	+	1	204852091	-	aid=r60;cn={'1': {'AA': 1, 'AB': 0, 'BA': 0, 'BB': 1}, '2': {'AA': 1, 'AB': 0, 'BA': 0, 'BB': 2}};at=R
r61	1	205865451	+	1	205865452	-	aid=r61;cn={'1': {'AA': 1, 'AB': 0, 'BA': 0, 'BB': 1}, '2': {'AA': 1, 'AB': 0, 'BA': 0, 'BB': 2}};at=R
r62	1	205880281	+	1	205880282	-	aid=r62;cn={'1': {'AA': 1, 'AB': 0, 'BA': 0, 'BB': 1}, '2': {'AA': 1, 'AB': 0, 'BA': 0, 'BB': 2}};at=R
r63	1	206570870	+	1	206570871	-	aid=r63;cn={'1': {'AA': 1, 'AB': 0, 'BA': 0, 'BB': 2}, '2': {'AA': 1, 'AB': 0, 'BA': 0, 'BB': 1}};at=R
r64	1	206610686	+	1	206610687	-	aid=r64;cn={'1': {'AA': 1, 'AB': 0, 'BA': 0, 'BB': 2}, '2': {'AA': 1, 'AB': 0, 'BA': 0, 'BB': 1}};at=R
r65	1	206611233	+	1	206611234	-	aid=r65;cn={'1': {'AA': 1, 'AB': 0, 'BA': 0, 'BB': 3}, '2': {'AA': 1, 'AB': 0, 'BA': 0, 'BB': 3}};at=R
r66	1	206665676	+	1	206665677	-	aid=r66;cn={'1': {'AA': 1, 'AB': 0, 'BA': 0, 'BB': 2}, '2': {'AA': 1, 'AB': 0, 'BA': 0, 'BB': 3}};at=R
r67	1	207815202	+	1	207815203	-	aid=r67;cn={'1': {'AA': 1, 'AB': 0, 'BA': 0, 'BB': 2}, '2': {'AA': 1, 'AB': 0, 'BA': 0, 'BB': 3}};at=R
r68	1	209516449	+	1	209516450	-	aid=r68;cn={'1': {'AA': 1, 'AB': 0, 'BA': 0, 'BB': 1}, '2': {'AA': 1, 'AB': 0, 'BA': 0, 'BB': 1}};at=R
r69	1	209518661	+	1	209518662	-	aid=r69;cn={'1': {'AA': 1, 'AB': 0, 'BA': 0, 'BB': 1}, '2': {'AA': 1, 'AB': 0, 'BA': 0, 'BB': 1}};at=R
r70	1	217236937	+	1	217236938	-	aid=r70;cn={'1': {'AA': 1, 'AB': 0, 'BA': 0, 'BB': 1}, '2': {'AA': 1, 'AB': 0, 'BA': 0, 'BB': 1}};at=R
r71	1	218404559	+	1	218404560	-	aid=r71;cn={'1': {'AA': 1, 'AB': 0, 'BA': 0, 'BB': 1}, '2': {'AA': 1, 'AB': 0, 'BA': 0, 'BB': 1}};at=R
r72	1	218454433	+	1	218454434	-	aid=r72;cn={'1': {'AA': 1, 'AB': 0, 'BA': 0, 'BB': 1}, '2': {'AA': 1, 'AB': 0, 'BA': 0, 'BB': 1}};at=R
r73	1	220243358	+	1	220243359	-	aid=r73;cn={'1': {'AA': 1, 'AB': 0, 'BA': 0, 'BB': 1}, '2': {'AA': 1, 'AB': 0, 'BA': 0, 'BB': 1}};at=R
r74	1	220244401	+	1	220244402	-	aid=r74;cn={'1': {'AA': 1, 'AB': 0, 'BA': 0, 'BB': 1}, '2': {'AA': 1, 'AB': 0, 'BA': 0, 'BB': 1}};at=R
r75	1	220333695	+	1	220333696	-	aid=r75;cn={'1': {'AA': 2, 'AB': 0, 'BA': 0, 'BB': 1}, '2': {'AA': 3, 'AB': 0, 'BA': 0, 'BB': 1}};at=R
r76	1	220333774	+	1	220333775	-	aid=r76;cn={'1': {'AA': 1, 'AB': 0, 'BA': 0, 'BB': 1}, '2': {'AA': 1, 'AB': 0, 'BA': 0, 'BB': 1}};at=R
r77	1	228912663	+	1	228912664	-	aid=r77;cn={'1': {'AA': 1, 'AB': 0, 'BA': 0, 'BB': 1}, '2': {'AA': 1, 'AB': 0, 'BA': 0, 'BB': 1}};at=R
r78	1	228914047	+	1	228914048	-	aid=r78;cn={'1': {'AA': 2, 'AB': 0, 'BA': 0, 'BB': 1}, '2': {'AA': 3, 'AB': 0, 'BA': 0, 'BB': 1}};at=R
r79	1	229812720	+	1	229812721	-	aid=r79;cn={'1': {'AA': 2, 'AB': 0, 'BA': 0, 'BB': 1}, '2': {'AA': 3, 'AB': 0, 'BA': 0, 'BB': 1}};at=R
r80	1	230221022	+	1	230221023	-	aid=r80;cn={'1': {'AA': 2, 'AB': 0, 'BA': 0, 'BB': 1}, '2': {'AA': 3, 'AB': 0, 'BA': 0, 'BB': 1}};at=R
r81	1	230909095	+	1	230909096	-	aid=r81;cn={'1': {'AA': 2, 'AB': 0, 'BA': 0, 'BB': 1}, '2': {'AA': 3, 'AB': 0, 'BA': 0, 'BB': 1}};at=R
r82	1	230910026	+	1	230910027	-	aid=r82;cn={'1': {'AA': 2, 'AB': 0, 'BA': 0, 'BB': 1}, '2': {'AA': 3, 'AB': 0, 'BA': 0, 'BB': 1}};at=R
r83	1	231639762	+	1	231639763	-	aid=r83;cn={'1': {'AA': 0, 'AB': 0, 'BA': 0, 'BB': 1}, '2': {'AA': 3, 'AB': 0, 'BA': 0, 'BB': 1}};at=R
r84	1	231658671	+	1	231658672	-	aid=r84;cn={'1': {'AA': 0, 'AB': 0, 'BA': 0, 'BB': 1}, '2': {'AA': 2, 'AB': 0, 'BA': 0, 'BB': 1}};at=R
r85	1	231702079	+	1	231702080	-	aid=r85;cn={'1': {'AA': 0, 'AB': 0, 'BA': 0, 'BB': 1}, '2': {'AA': 2, 'AB': 0, 'BA': 0, 'BB': 1}};at=R
r86	1	231861235	+	1	231861236	-	aid=r86;cn={'1': {'AA': 1, 'AB': 0, 'BA': 0, 'BB': 1}, '2': {'AA': 1, 'AB': 0, 'BA': 0, 'BB': 1}};at=R
r87	1	231872962	+	1	231872963	-	aid=r87;cn={'1': {'AA': 1, 'AB': 0, 'BA': 0, 'BB': 1}, '2': {'AA': 2, 'AB': 0, 'BA': 0, 'BB': 1}};at=R
r88	1	232382747	+	1	232382748	-	aid=r88;cn={'1': {'AA': 1, 'AB': 0, 'BA': 0, 'BB': 1}, '2': {'AA': 2, 'AB': 0, 'BA': 0, 'BB': 1}};at=R
r89	1	232395017	+	1	232395018	-	aid=r89;cn={'1': {'AA': 1, 'AB': 0, 'BA': 0, 'BB': 1}, '2': {'AA': 2, 'AB': 0, 'BA': 0, 'BB': 1}};at=R
r90	1	232968596	+	1	232968597	-	aid=r90;cn={'1': {'AA': 1, 'AB': 0, 'BA': 0, 'BB': 1}, '2': {'AA': 1, 'AB': 0, 'BA': 0, 'BB': 1}};at=R
r91	1	232969268	+	1	232969269	-	aid=r91;cn={'1': {'AA': 1, 'AB': 0, 'BA': 0, 'BB': 1}, '2': {'AA': 1, 'AB': 0, 'BA': 0, 'BB': 1}};at=R
r92	1	243119793	+	1	243119794	-	aid=r92;cn={'1': {'AA': 1, 'AB': 0, 'BA': 0, 'BB': 1}, '2': {'AA': 1, 'AB': 0, 'BA': 0, 'BB': 1}};at=R
r93	1	243120169	+	1	243120170	-	aid=r93;cn={'1': {'AA': 1, 'AB': 0, 'BA': 0, 'BB': 1}, '2': {'AA': 1, 'AB': 0, 'BA': 0, 'BB': 1}};at=R
r94	10	4538049	+	10	4538050	-	aid=r94;cn={'1': {'AA': 1, 'AB': 0, 'BA': 0, 'BB': 1}, '2': {'AA': 1, 'AB': 0, 'BA': 0, 'BB': 1}};at=R
r95	10	4538384	+	10	4538385	-	aid=r95;cn={'1': {'AA': 1, 'AB': 0, 'BA': 0, 'BB': 1}, '2': {'AA': 1, 'AB': 0, 'BA': 0, 'BB': 1}};at=R
r96	10	57455292	+	10	57455293	-	aid=r96;cn={'1': {'AA': 1, 'AB': 0, 'BA': 0, 'BB': 1}, '2': {'AA': 1, 'AB': 0, 'BA': 0, 'BB': 1}};at=R
r97	10	57455638	+	10	57455639	-	aid=r97;cn={'1': {'AA': 1, 'AB': 0, 'BA': 0, 'BB': 1}, '2': {'AA': 1, 'AB': 0, 'BA': 0, 'BB': 1}};at=R
r98	10	68349941	+	10	68349942	-	aid=r98;cn={'1': {'AA': 1, 'AB': 0, 'BA': 0, 'BB': 1}, '2': {'AA': 1, 'AB': 0, 'BA': 0, 'BB': 1}};at=R
r99	10	108518408	+	10	108518409	-	aid=r99;cn={'1': {'AA': 1, 'AB': 0, 'BA': 0, 'BB': 1}, '2': {'AA': 1, 'AB': 0, 'BA': 0, 'BB': 1}};at=R
r100	10	108519068	+	10	108519069	-	aid=r100;cn={'1': {'AA': 2, 'AB': 0, 'BA': 0, 'BB': 1}, '2': {'AA': 2, 'AB': 0, 'BA': 0, 'BB': 1}};at=R
r101	10	108957395	+	10	108957396	-	aid=r101;cn={'1': {'AA': 2, 'AB': 0, 'BA': 0, 'BB': 1}, '2': {'AA': 2, 'AB': 0, 'BA': 0, 'BB': 1}};at=R
r102	10	108958540	+	10	108958541	-	aid=r102;cn={'1': {'AA': 1, 'AB': 0, 'BA': 0, 'BB': 1}, '2': {'AA': 1, 'AB': 0, 'BA': 0, 'BB': 1}};at=R
r103	11	33766196	+	11	33766197	-	aid=r103;cn={'1': {'AA': 1, 'AB': 0, 'BA': 0, 'BB': 1}, '2': {'AA': 1, 'AB': 0, 'BA': 0, 'BB': 1}};at=R
r104	11	33766305	+	11	33766306	-	aid=r104;cn={'1': {'AA': 0, 'AB': 0, 'BA': 0, 'BB': 1}, '2': {'AA': 1, 'AB': 0, 'BA': 0, 'BB': 1}};at=R
r105	11	36723404	+	11	36723405	-	aid=r105;cn={'1': {'AA': 0, 'AB': 0, 'BA': 0, 'BB': 1}, '2': {'AA': 1, 'AB': 0, 'BA': 0, 'BB': 1}};at=R
r106	11	36723542	+	11	36723543	-	aid=r106;cn={'1': {'AA': 1, 'AB': 0, 'BA': 0, 'BB': 1}, '2': {'AA': 1, 'AB': 0, 'BA': 0, 'BB': 1}};at=R
r107	11	46701051	+	11	46701052	-	aid=r107;cn={'1': {'AA': 1, 'AB': 0, 'BA': 0, 'BB': 1}, '2': {'AA': 1, 'AB': 0, 'BA': 0, 'BB': 1}};at=R
r108	11	46703804	+	11	46703805	-	aid=r108;cn={'1': {'AA': 1, 'AB': 0, 'BA': 0, 'BB': 0}, '2': {'AA': 1, 'AB': 0, 'BA': 0, 'BB': 0}};at=R
r109	11	47452919	+	11	47452920	-	aid=r109;cn={'1': {'AA': 1, 'AB': 0, 'BA': 0, 'BB': 0}, '2': {'AA': 1, 'AB': 0, 'BA': 0, 'BB': 0}};at=R
r110	11	47453224	+	11	47453225	-	aid=r110;cn={'1': {'AA': 1, 'AB': 0, 'BA': 0, 'BB': 0}, '2': {'AA': 1, 'AB': 0, 'BA': 0, 'BB': 0}};at=R
r111	12	11113782	+	12	11113783	-	aid=r111;cn={'1': {'AA': 1, 'AB': 0, 'BA': 0, 'BB': 1}, '2': {'AA': 1, 'AB': 0, 'BA': 0, 'BB': 1}};at=R
r112	12	11114213	+	12	11114214	-	aid=r112;cn={'1': {'AA': 1, 'AB': 0, 'BA': 0, 'BB': 1}, '2': {'AA': 1, 'AB': 0, 'BA': 0, 'BB': 1}};at=R
r113	12	55173904	+	12	55173905	-	aid=r113;cn={'1': {'AA': 1, 'AB': 0, 'BA': 0, 'BB': 1}, '2': {'AA': 1, 'AB': 0, 'BA': 0, 'BB': 1}};at=R
r114	12	55175830	+	12	55175831	-	aid=r114;cn={'1': {'AA': 1, 'AB': 0, 'BA': 0, 'BB': 1}, '2': {'AA': 1, 'AB': 0, 'BA': 0, 'BB': 1}};at=R
r115	12	55176237	+	12	55176238	-	aid=r115;cn={'1': {'AA': 1, 'AB': 0, 'BA': 0, 'BB': 1}, '2': {'AA': 1, 'AB': 0, 'BA': 0, 'BB': 1}};at=R
r116	12	55499056	+	12	55499057	-	aid=r116;cn={'1': {'AA': 1, 'AB': 0, 'BA': 0, 'BB': 1}, '2': {'AA': 1, 'AB': 0, 'BA': 0, 'BB': 1}};at=R
r117	12	55499108	+	12	55499109	-	aid=r117;cn={'1': {'AA': 1, 'AB': 0, 'BA': 0, 'BB': 1}, '2': {'AA': 1, 'AB': 0, 'BA': 0, 'BB': 1}};at=R
r118	12	55499221	+	12	55499222	-	aid=r118;cn={'1': {'AA': 1, 'AB': 0, 'BA': 0, 'BB': 1}, '2': {'AA': 1, 'AB': 0, 'BA': 0, 'BB': 1}};at=R
r119	12	57895290	+	12	57895291	-	aid=r119;cn={'1': {'AA': 1, 'AB': 0, 'BA': 0, 'BB': 1}, '2': {'AA': 1, 'AB': 0, 'BA': 0, 'BB': 1}};at=R
r120	12	57905157	+	12	57905158	-	aid=r120;cn={'1': {'AA': 1, 'AB': 0, 'BA': 0, 'BB': 1}, '2': {'AA': 2, 'AB': 0, 'BA': 0, 'BB': 1}};at=R
r121	12	58900487	+	12	58900488	-	aid=r121;cn={'1': {'AA': 1, 'AB': 0, 'BA': 0, 'BB': 1}, '2': {'AA': 2, 'AB': 0, 'BA': 0, 'BB': 1}};at=R
r122	12	58949741	+	12	58949742	-	aid=r122;cn={'1': {'AA': 1, 'AB': 0, 'BA': 0, 'BB': 1}, '2': {'AA': 1, 'AB': 0, 'BA': 0, 'BB': 1}};at=R
r123	12	62730043	+	12	62730044	-	aid=r123;cn={'1': {'AA': 1, 'AB': 0, 'BA': 0, 'BB': 1}, '2': {'AA': 1, 'AB': 0, 'BA': 0, 'BB': 1}};at=R
r124	12	62730181	+	12	62730182	-	aid=r124;cn={'1': {'AA': 1, 'AB': 0, 'BA': 0, 'BB': 0}, '2': {'AA': 1, 'AB': 0, 'BA': 0, 'BB': 0}};at=R
r125	12	66436924	+	12	66436925	-	aid=r125;cn={'1': {'AA': 1, 'AB': 0, 'BA': 0, 'BB': 0}, '2': {'AA': 1, 'AB': 0, 'BA': 0, 'BB': 0}};at=R
r126	12	66439251	+	12	66439252	-	aid=r126;cn={'1': {'AA': 1, 'AB': 0, 'BA': 0, 'BB': 1}, '2': {'AA': 1, 'AB': 0, 'BA': 0, 'BB': 1}};at=R
r127	12	89611824	+	12	89611825	-	aid=r127;cn={'1': {'AA': 1, 'AB': 0, 'BA': 0, 'BB': 1}, '2': {'AA': 1, 'AB': 0, 'BA': 0, 'BB': 1}};at=R
r128	12	89612206	+	12	89612207	-	aid=r128;cn={'1': {'AA': 1, 'AB': 0, 'BA': 0, 'BB': 1}, '2': {'AA': 1, 'AB': 0, 'BA': 0, 'BB': 1}};at=R
r129	12	96967086	+	12	96967087	-	aid=r129;cn={'1': {'AA': 1, 'AB': 0, 'BA': 0, 'BB': 1}, '2': {'AA': 1, 'AB': 0, 'BA': 0, 'BB': 1}};at=R
r130	12	105575281	+	12	105575282	-	aid=r130;cn={'1': {'AA': 1, 'AB': 0, 'BA': 0, 'BB': 1}, '2': {'AA': 1, 'AB': 0, 'BA': 0, 'BB': 1}};at=R
r131	12	105575507	+	12	105575508	-	aid=r131;cn={'1': {'AA': 1, 'AB': 0, 'BA': 0, 'BB': 1}, '2': {'AA': 1, 'AB': 0, 'BA': 0, 'BB': 1}};at=R
r132	12	105576754	+	12	105576755	-	aid=r132;cn={'1': {'AA': 1, 'AB': 0, 'BA': 0, 'BB': 1}, '2': {'AA': 1, 'AB': 0, 'BA': 0, 'BB': 1}};at=R
r133	12	105576912	+	12	105576913	-	aid=r133;cn={'1': {'AA': 1, 'AB': 0, 'BA': 0, 'BB': 1}, '2': {'AA': 1, 'AB': 0, 'BA': 0, 'BB': 1}};at=R
r134	12	105770151	+	12	105770152	-	aid=r134;cn={'1': {'AA': 1, 'AB': 0, 'BA': 0, 'BB': 1}, '2': {'AA': 1, 'AB': 0, 'BA': 0, 'BB': 1}};at=R
r135	12	105770830	+	12	105770831	-	aid=r135;cn={'1': {'AA': 1, 'AB': 0, 'BA': 0, 'BB': 1}, '2': {'AA': 1, 'AB': 0, 'BA': 0, 'BB': 1}};at=R
r136	12	105774106	+	12	105774107	-	aid=r136;cn={'1': {'AA': 1, 'AB': 0, 'BA': 0, 'BB': 1}, '2': {'AA': 1, 'AB': 0, 'BA': 0, 'BB': 1}};at=R
r137	12	105774166	+	12	105774167	-	aid=r137;cn={'1': {'AA': 1, 'AB': 0, 'BA': 0, 'BB': 1}, '2': {'AA': 1, 'AB': 0, 'BA': 0, 'BB': 1}};at=R
r138	12	105809505	+	12	105809506	-	aid=r138;cn={'1': {'AA': 1, 'AB': 0, 'BA': 0, 'BB': 1}, '2': {'AA': 1, 'AB': 0, 'BA': 0, 'BB': 1}};at=R
r139	12	108343441	+	12	108343442	-	aid=r139;cn={'1': {'AA': 1, 'AB': 0, 'BA': 0, 'BB': 1}, '2': {'AA': 1, 'AB': 0, 'BA': 0, 'BB': 1}};at=R
r140	12	108344455	+	12	108344456	-	aid=r140;cn={'1': {'AA': 1, 'AB': 0, 'BA': 0, 'BB': 1}, '2': {'AA': 1, 'AB': 0, 'BA': 0, 'BB': 1}};at=R
r141	13	33259690	+	13	33259691	-	aid=r141;cn={'1': {'AA': 0, 'AB': 0, 'BA': 0, 'BB': 1}, '2': {'AA': 0, 'AB': 0, 'BA': 0, 'BB': 1}};at=R
r142	13	33259897	+	13	33259898	-	aid=r142;cn={'1': {'AA': 0, 'AB': 0, 'BA': 0, 'BB': 1}, '2': {'AA': 0, 'AB': 0, 'BA': 0, 'BB': 1}};at=R
r143	13	39194547	+	13	39194548	-	aid=r143;cn={'1': {'AA': 0, 'AB': 0, 'BA': 0, 'BB': 1}, '2': {'AA': 0, 'AB': 0, 'BA': 0, 'BB': 1}};at=R
r144	13	39194906	+	13	39194907	-	aid=r144;cn={'1': {'AA': 1, 'AB': 0, 'BA': 0, 'BB': 1}, '2': {'AA': 1, 'AB': 0, 'BA': 0, 'BB': 1}};at=R
r145	13	39210444	+	13	39210445	-	aid=r145;cn={'1': {'AA': 1, 'AB': 0, 'BA': 0, 'BB': 0}, '2': {'AA': 1, 'AB': 0, 'BA': 0, 'BB': 0}};at=R
r146	13	39210898	+	13	39210899	-	aid=r146;cn={'1': {'AA': 1, 'AB': 0, 'BA': 0, 'BB': 0}, '2': {'AA': 1, 'AB': 0, 'BA': 0, 'BB': 0}};at=R
r147	13	39983871	+	13	39983872	-	aid=r147;cn={'1': {'AA': 1, 'AB': 0, 'BA': 0, 'BB': 1}, '2': {'AA': 1, 'AB': 0, 'BA': 0, 'BB': 1}};at=R
r148	13	39984104	+	13	39984105	-	aid=r148;cn={'1': {'AA': 1, 'AB': 0, 'BA': 0, 'BB': 0}, '2': {'AA': 1, 'AB': 0, 'BA': 0, 'BB': 0}};at=R
r149	13	76089180	+	13	76089181	-	aid=r149;cn={'1': {'AA': 1, 'AB': 0, 'BA': 0, 'BB': 0}, '2': {'AA': 1, 'AB': 0, 'BA': 0, 'BB': 0}};at=R
r150	13	76090294	+	13	76090295	-	aid=r150;cn={'1': {'AA': 1, 'AB': 0, 'BA': 0, 'BB': 0}, '2': {'AA': 1, 'AB': 0, 'BA': 0, 'BB': 0}};at=R
r151	13	76093489	+	13	76093490	-	aid=r151;cn={'1': {'AA': 1, 'AB': 0, 'BA': 0, 'BB': 0}, '2': {'AA': 1, 'AB': 0, 'BA': 0, 'BB': 0}};at=R
r152	13	76093501	+	13	76093502	-	aid=r152;cn={'1': {'AA': 1, 'AB': 0, 'BA': 0, 'BB': 0}, '2': {'AA': 1, 'AB': 0, 'BA': 0, 'BB': 0}};at=R
r153	13	76094859	+	13	76094860	-	aid=r153;cn={'1': {'AA': 1, 'AB': 0, 'BA': 0, 'BB': 0}, '2': {'AA': 1, 'AB': 0, 'BA': 0, 'BB': 0}};at=R
r154	13	93046318	+	13	93046319	-	aid=r154;cn={'1': {'AA': 1, 'AB': 0, 'BA': 0, 'BB': 0}, '2': {'AA': 1, 'AB': 0, 'BA': 0, 'BB': 1}};at=R
r155	13	93046525	+	13	93046526	-	aid=r155;cn={'1': {'AA': 1, 'AB': 0, 'BA': 0, 'BB': 0}, '2': {'AA': 1, 'AB': 0, 'BA': 0, 'BB': 1}};at=R
r156	13	93051980	+	13	93051981	-	aid=r156;cn={'1': {'AA': 1, 'AB': 0, 'BA': 0, 'BB': 1}, '2': {'AA': 1, 'AB': 0, 'BA': 0, 'BB': 2}};at=R
r157	13	93053347	+	13	93053348	-	aid=r157;cn={'1': {'AA': 0, 'AB': 0, 'BA': 0, 'BB': 1}, '2': {'AA': 0, 'AB': 0, 'BA': 0, 'BB': 2}};at=R
r158	13	97814107	+	13	97814108	-	aid=r158;cn={'1': {'AA': 0, 'AB': 0, 'BA': 0, 'BB': 1}, '2': {'AA': 0, 'AB': 0, 'BA': 0, 'BB': 2}};at=R
r159	13	97815754	+	13	97815755	-	aid=r159;cn={'1': {'AA': 0, 'AB': 0, 'BA': 0, 'BB': 1}, '2': {'AA': 0, 'AB': 0, 'BA': 0, 'BB': 1}};at=R
r160	13	97816262	+	13	97816263	-	aid=r160;cn={'1': {'AA': 0, 'AB': 0, 'BA': 0, 'BB': 1}, '2': {'AA': 0, 'AB': 0, 'BA': 0, 'BB': 1}};at=R
r161	13	97816355	+	13	97816356	-	aid=r161;cn={'1': {'AA': 1, 'AB': 0, 'BA': 0, 'BB': 1}, '2': {'AA': 1, 'AB': 0, 'BA': 0, 'BB': 1}};at=R
r162	13	112992297	+	13	112992298	-	aid=r162;cn={'1': {'AA': 1, 'AB': 0, 'BA': 0, 'BB': 1}, '2': {'AA': 1, 'AB': 0, 'BA': 0, 'BB': 1}};at=R
r163	13	112997632	+	13	112997633	-	aid=r163;cn={'1': {'AA': 1, 'AB': 0, 'BA': 0, 'BB': 1}, '2': {'AA': 1, 'AB': 0, 'BA': 0, 'BB': 1}};at=R
r164	14	20160822	+	14	20160823	-	aid=r164;cn={'1': {'AA': 2, 'AB': 0, 'BA': 0, 'BB': 0}, '2': {'AA': 2, 'AB': 0, 'BA': 0, 'BB': 0}};at=R
r165	14	20312335	+	14	20312336	-	aid=r165;cn={'1': {'AA': 2, 'AB': 0, 'BA': 0, 'BB': 0}, '2': {'AA': 2, 'AB': 0, 'BA': 0, 'BB': 0}};at=R
r166	14	20424779	+	14	20424780	-	aid=r166;cn={'1': {'AA': 2, 'AB': 0, 'BA': 0, 'BB': 0}, '2': {'AA': 2, 'AB': 0, 'BA': 0, 'BB': 0}};at=R
r167	14	23403920	+	14	23403921	-	aid=r167;cn={'1': {'AA': 2, 'AB': 0, 'BA': 0, 'BB': 0}, '2': {'AA': 2, 'AB': 0, 'BA': 0, 'BB': 0}};at=R
r168	14	30334523	+	14	30334524	-	aid=r168;cn={'1': {'AA': 2, 'AB': 0, 'BA': 0, 'BB': 0}, '2': {'AA': 2, 'AB': 0, 'BA': 0, 'BB': 0}};at=R
r169	14	30343633	+	14	30343634	-	aid=r169;cn={'1': {'AA': 2, 'AB': 0, 'BA': 0, 'BB': 0}, '2': {'AA': 2, 'AB': 0, 'BA': 0, 'BB': 0}};at=R
r170	14	106784391	+	14	106784392	-	aid=r170;cn={'1': {'AA': 2, 'AB': 0, 'BA': 0, 'BB': 0}, '2': {'AA': 2, 'AB': 0, 'BA': 0, 'BB': 0}};at=R
r171	14	106943007	+	14	106943008	-	aid=r171;cn={'1': {'AA': 2, 'AB': 0, 'BA': 0, 'BB': 0}, '2': {'AA': 2, 'AB': 0, 'BA': 0, 'BB': 0}};at=R
r172	14	107149485	+	14	107149486	-	aid=r172;cn={'1': {'AA': 2, 'AB': 0, 'BA': 0, 'BB': 0}, '2': {'AA': 2, 'AB': 0, 'BA': 0, 'BB': 0}};at=R
r173	14	107183049	+	14	107183050	-	aid=r173;cn={'1': {'AA': 2, 'AB': 0, 'BA': 0, 'BB': 0}, '2': {'AA': 2, 'AB': 0, 'BA': 0, 'BB': 0}};at=R
r174	16	63350216	+	16	63350217	-	aid=r174;cn={'1': {'AA': 1, 'AB': 0, 'BA': 0, 'BB': 1}, '2': {'AA': 1, 'AB': 0, 'BA': 0, 'BB': 1}};at=R
r175	16	63485136	+	16	63485137	-	aid=r175;cn={'1': {'AA': 1, 'AB': 0, 'BA': 0, 'BB': 1}, '2': {'AA': 1, 'AB': 0, 'BA': 0, 'BB': 1}};at=R
r176	16	63485201	+	16	63485202	-	aid=r176;cn={'1': {'AA': 1, 'AB': 0, 'BA': 0, 'BB': 1}, '2': {'AA': 1, 'AB': 0, 'BA': 0, 'BB': 1}};at=R
r177	16	63485256	+	16	63485257	-	aid=r177;cn={'1': {'AA': 1, 'AB': 0, 'BA': 0, 'BB': 1}, '2': {'AA': 1, 'AB': 0, 'BA': 0, 'BB': 1}};at=R
r178	16	63495296	+	16	63495297	-	aid=r178;cn={'1': {'AA': 1, 'AB': 0, 'BA': 0, 'BB': 1}, '2': {'AA': 1, 'AB': 0, 'BA': 0, 'BB': 1}};at=R
r179	16	63496470	+	16	63496471	-	aid=r179;cn={'1': {'AA': 1, 'AB': 0, 'BA': 0, 'BB': 1}, '2': {'AA': 1, 'AB': 0, 'BA': 0, 'BB': 1}};at=R
r180	16	77622495	+	16	77622496	-	aid=r180;cn={'1': {'AA': 1, 'AB': 0, 'BA': 0, 'BB': 1}, '2': {'AA': 1, 'AB': 0, 'BA': 0, 'BB': 1}};at=R
r181	16	77622823	+	16	77622824	-	aid=r181;cn={'1': {'AA': 1, 'AB': 0, 'BA': 0, 'BB': 1}, '2': {'AA': 1, 'AB': 0, 'BA': 0, 'BB': 1}};at=R
r182	17	215822	+	17	215823	-	aid=r182;cn={'1': {'AA': 1, 'AB': 0, 'BA': 0, 'BB': 1}, '2': {'AA': 1, 'AB': 0, 'BA': 0, 'BB': 1}};at=R
r183	17	216078	+	17	216079	-	aid=r183;cn={'1': {'AA': 1, 'AB': 0, 'BA': 0, 'BB': 1}, '2': {'AA': 1, 'AB': 0, 'BA': 0, 'BB': 1}};at=R
r184	17	5505004	+	17	5505005	-	aid=r184;cn={'1': {'AA': 1, 'AB': 0, 'BA': 0, 'BB': 1}, '2': {'AA': 1, 'AB': 0, 'BA': 0, 'BB': 1}};at=R
r185	17	5505272	+	17	5505273	-	aid=r185;cn={'1': {'AA': 1, 'AB': 0, 'BA': 0, 'BB': 1}, '2': {'AA': 1, 'AB': 0, 'BA': 0, 'BB': 1}};at=R
r186	17	5521624	+	17	5521625	-	aid=r186;cn={'1': {'AA': 1, 'AB': 0, 'BA': 0, 'BB': 0}, '2': {'AA': 1, 'AB': 0, 'BA': 0, 'BB': 0}};at=R
r187	17	5521849	+	17	5521850	-	aid=r187;cn={'1': {'AA': 1, 'AB': 0, 'BA': 0, 'BB': 0}, '2': {'AA': 1, 'AB': 0, 'BA': 0, 'BB': 0}};at=R
r188	17	17128182	+	17	17128183	-	aid=r188;cn={'1': {'AA': 1, 'AB': 0, 'BA': 0, 'BB': 0}, '2': {'AA': 1, 'AB': 0, 'BA': 0, 'BB': 0}};at=R
r189	17	17128300	+	17	17128301	-	aid=r189;cn={'1': {'AA': 1, 'AB': 0, 'BA': 0, 'BB': 1}, '2': {'AA': 1, 'AB': 0, 'BA': 0, 'BB': 1}};at=R
r190	17	18297908	+	17	18297909	-	aid=r190;cn={'1': {'AA': 1, 'AB': 0, 'BA': 0, 'BB': 1}, '2': {'AA': 1, 'AB': 0, 'BA': 0, 'BB': 1}};at=R
r191	17	18461507	+	17	18461508	-	aid=r191;cn={'1': {'AA': 1, 'AB': 0, 'BA': 0, 'BB': 1}, '2': {'AA': 1, 'AB': 0, 'BA': 0, 'BB': 1}};at=R
r192	17	18782723	+	17	18782724	-	aid=r192;cn={'1': {'AA': 1, 'AB': 0, 'BA': 0, 'BB': 1}, '2': {'AA': 1, 'AB': 0, 'BA': 0, 'BB': 1}};at=R
r193	17	18782782	+	17	18782783	-	aid=r193;cn={'1': {'AA': 0, 'AB': 0, 'BA': 0, 'BB': 1}, '2': {'AA': 0, 'AB': 0, 'BA': 0, 'BB': 1}};at=R
r194	17	20902034	+	17	20902035	-	aid=r194;cn={'1': {'AA': 0, 'AB': 0, 'BA': 0, 'BB': 1}, '2': {'AA': 0, 'AB': 0, 'BA': 0, 'BB': 1}};at=R
r195	17	20902960	+	17	20902961	-	aid=r195;cn={'1': {'AA': 0, 'AB': 0, 'BA': 0, 'BB': 1}, '2': {'AA': 0, 'AB': 0, 'BA': 0, 'BB': 1}};at=R
r196	17	47658702	+	17	47658703	-	aid=r196;cn={'1': {'AA': 1, 'AB': 0, 'BA': 0, 'BB': 1}, '2': {'AA': 1, 'AB': 0, 'BA': 0, 'BB': 1}};at=R
r197	17	47658855	+	17	47658856	-	aid=r197;cn={'1': {'AA': 1, 'AB': 0, 'BA': 0, 'BB': 1}, '2': {'AA': 1, 'AB': 0, 'BA': 0, 'BB': 1}};at=R
r198	17	47791579	+	17	47791580	-	aid=r198;cn={'1': {'AA': 0, 'AB': 0, 'BA': 0, 'BB': 1}, '2': {'AA': 0, 'AB': 0, 'BA': 0, 'BB': 1}};at=R
r199	17	47791753	+	17	47791754	-	aid=r199;cn={'1': {'AA': 0, 'AB': 0, 'BA': 0, 'BB': 1}, '2': {'AA': 0, 'AB': 0, 'BA': 0, 'BB': 1}};at=R
r200	18	42569597	+	18	42569598	-	aid=r200;cn={'1': {'AA': 1, 'AB': 0, 'BA': 0, 'BB': 1}, '2': {'AA': 1, 'AB': 0, 'BA': 0, 'BB': 1}};at=R
r201	2	4787350	+	2	4787351	-	aid=r201;cn={'1': {'AA': 1, 'AB': 0, 'BA': 0, 'BB': 1}, '2': {'AA': 1, 'AB': 0, 'BA': 0, 'BB': 1}};at=R
r202	2	136269802	+	2	136269803	-	aid=r202;cn={'1': {'AA': 1, 'AB': 0, 'BA': 0, 'BB': 1}, '2': {'AA': 1, 'AB': 0, 'BA': 0, 'BB': 1}};at=R
r203	2	136271051	+	2	136271052	-	aid=r203;cn={'1': {'AA': 1, 'AB': 0, 'BA': 0, 'BB': 1}, '2': {'AA': 1, 'AB': 0, 'BA': 0, 'BB': 1}};at=R
r204	2	192831922	+	2	192831923	-	aid=r204;cn={'1': {'AA': 1, 'AB': 0, 'BA': 0, 'BB': 1}, '2': {'AA': 1, 'AB': 0, 'BA': 0, 'BB': 1}};at=R
r205	2	211637062	+	2	211637063	-	aid=r205;cn={'1': {'AA': 1, 'AB': 0, 'BA': 0, 'BB': 1}, '2': {'AA': 1, 'AB': 0, 'BA': 0, 'BB': 1}};at=R
r206	2	211637504	+	2	211637505	-	aid=r206;cn={'1': {'AA': 2, 'AB': 0, 'BA': 0, 'BB': 1}, '2': {'AA': 2, 'AB': 0, 'BA': 0, 'BB': 1}};at=R
r207	2	212317169	+	2	212317170	-	aid=r207;cn={'1': {'AA': 2, 'AB': 0, 'BA': 0, 'BB': 1}, '2': {'AA': 2, 'AB': 0, 'BA': 0, 'BB': 1}};at=R
r208	2	212318467	+	2	212318468	-	aid=r208;cn={'1': {'AA': 1, 'AB': 0, 'BA': 0, 'BB': 1}, '2': {'AA': 1, 'AB': 0, 'BA': 0, 'BB': 1}};at=R
r209	2	230712790	+	2	230712791	-	aid=r209;cn={'1': {'AA': 1, 'AB': 0, 'BA': 0, 'BB': 1}, '2': {'AA': 1, 'AB': 0, 'BA': 0, 'BB': 1}};at=R
r210	20	27867349	+	20	27867350	-	aid=r210;cn={'1': {'AA': 1, 'AB': 0, 'BA': 0, 'BB': 2}, '2': {'AA': 1, 'AB': 0, 'BA': 0, 'BB': 2}};at=R
r211	21	15113196	+	21	15113197	-	aid=r211;cn={'1': {'AA': 1, 'AB': 0, 'BA': 0, 'BB': 1}, '2': {'AA': 1, 'AB': 0, 'BA': 0, 'BB': 1}};at=R
r212	21	39760413	+	21	39760414	-	aid=r212;cn={'1': {'AA': 1, 'AB': 0, 'BA': 0, 'BB': 1}, '2': {'AA': 1, 'AB': 0, 'BA': 0, 'BB': 1}};at=R
r213	21	39771173	+	21	39771174	-	aid=r213;cn={'1': {'AA': 1, 'AB': 0, 'BA': 0, 'BB': 1}, '2': {'AA': 1, 'AB': 0, 'BA': 0, 'BB': 1}};at=R
r214	21	39845485	+	21	39845486	-	aid=r214;cn={'1': {'AA': 1, 'AB': 0, 'BA': 0, 'BB': 1}, '2': {'AA': 1, 'AB': 0, 'BA': 0, 'BB': 1}};at=R
r215	21	39845601	+	21	39845602	-	aid=r215;cn={'1': {'AA': 1, 'AB': 0, 'BA': 0, 'BB': 0}, '2': {'AA': 1, 'AB': 0, 'BA': 0, 'BB': 0}};at=R
r216	21	42870570	+	21	42870571	-	aid=r216;cn={'1': {'AA': 1, 'AB': 0, 'BA': 0, 'BB': 0}, '2': {'AA': 1, 'AB': 0, 'BA': 0, 'BB': 0}};at=R
r217	21	42872693	+	21	42872694	-	aid=r217;cn={'1': {'AA': 1, 'AB': 0, 'BA': 0, 'BB': 1}, '2': {'AA': 1, 'AB': 0, 'BA': 0, 'BB': 1}};at=R
r218	21	46371793	+	21	46371794	-	aid=r218;cn={'1': {'AA': 1, 'AB': 0, 'BA': 0, 'BB': 1}, '2': {'AA': 1, 'AB': 0, 'BA': 0, 'BB': 1}};at=R
r219	21	46372110	+	21	46372111	-	aid=r219;cn={'1': {'AA': 1, 'AB': 0, 'BA': 0, 'BB': 1}, '2': {'AA': 1, 'AB': 0, 'BA': 0, 'BB': 1}};at=R
r220	22	25660910	+	22	25660911	-	aid=r220;cn={'1': {'AA': 1, 'AB': 0, 'BA': 0, 'BB': 1}, '2': {'AA': 1, 'AB': 0, 'BA': 0, 'BB': 1}};at=R
r221	22	25917970	+	22	25917971	-	aid=r221;cn={'1': {'AA': 1, 'AB': 0, 'BA': 0, 'BB': 1}, '2': {'AA': 1, 'AB': 0, 'BA': 0, 'BB': 1}};at=R
r222	22	25928699	+	22	25928700	-	aid=r222;cn={'1': {'AA': 1, 'AB': 0, 'BA': 0, 'BB': 1}, '2': {'AA': 1, 'AB': 0, 'BA': 0, 'BB': 1}};at=R
r223	22	25928767	+	22	25928768	-	aid=r223;cn={'1': {'AA': 1, 'AB': 0, 'BA': 0, 'BB': 1}, '2': {'AA': 1, 'AB': 0, 'BA': 0, 'BB': 1}};at=R
r224	22	29065801	+	22	29065802	-	aid=r224;cn={'1': {'AA': 1, 'AB': 0, 'BA': 0, 'BB': 1}, '2': {'AA': 1, 'AB': 0, 'BA': 0, 'BB': 1}};at=R
r225	3	7098985	+	3	7098986	-	aid=r225;cn={'1': {'AA': 2, 'AB': 0, 'BA': 0, 'BB': 1}, '2': {'AA': 2, 'AB': 0, 'BA': 0, 'BB': 1}};at=R
r226	3	7099334	+	3	7099335	-	aid=r226;cn={'1': {'AA': 2, 'AB': 0, 'BA': 0, 'BB': 1}, '2': {'AA': 2, 'AB': 0, 'BA': 0, 'BB': 1}};at=R
r227	3	9349020	+	3	9349021	-	aid=r227;cn={'1': {'AA': 2, 'AB': 0, 'BA': 0, 'BB': 1}, '2': {'AA': 2, 'AB': 0, 'BA': 0, 'BB': 1}};at=R
r228	3	9349264	+	3	9349265	-	aid=r228;cn={'1': {'AA': 2, 'AB': 0, 'BA': 0, 'BB': 1}, '2': {'AA': 2, 'AB': 0, 'BA': 0, 'BB': 1}};at=R
r229	3	12488242	+	3	12488243	-	aid=r229;cn={'1': {'AA': 2, 'AB': 0, 'BA': 0, 'BB': 1}, '2': {'AA': 2, 'AB': 0, 'BA': 0, 'BB': 1}};at=R
r230	3	12563558	+	3	12563559	-	aid=r230;cn={'1': {'AA': 2, 'AB': 0, 'BA': 0, 'BB': 1}, '2': {'AA': 2, 'AB': 0, 'BA': 0, 'BB': 1}};at=R
r231	3	28446469	+	3	28446470	-	aid=r231;cn={'1': {'AA': 0, 'AB': 0, 'BA': 0, 'BB': 1}, '2': {'AA': 0, 'AB': 0, 'BA': 0, 'BB': 1}};at=R
r232	3	28446623	+	3	28446624	-	aid=r232;cn={'1': {'AA': 0, 'AB': 0, 'BA': 0, 'BB': 1}, '2': {'AA': 0, 'AB': 0, 'BA': 0, 'BB': 1}};at=R
r233	3	31218319	+	3	31218320	-	aid=r233;cn={'1': {'AA': 0, 'AB': 0, 'BA': 0, 'BB': 1}, '2': {'AA': 1, 'AB': 0, 'BA': 0, 'BB': 1}};at=R
r234	3	31219080	+	3	31219081	-	aid=r234;cn={'1': {'AA': 0, 'AB': 0, 'BA': 0, 'BB': 1}, '2': {'AA': 1, 'AB': 0, 'BA': 0, 'BB': 1}};at=R
r235	3	32366892	+	3	32366893	-	aid=r235;cn={'1': {'AA': 0, 'AB': 0, 'BA': 0, 'BB': 1}, '2': {'AA': 1, 'AB': 0, 'BA': 0, 'BB': 1}};at=R
r236	3	32383359	+	3	32383360	-	aid=r236;cn={'1': {'AA': 0, 'AB': 0, 'BA': 0, 'BB': 1}, '2': {'AA': 1, 'AB': 0, 'BA': 0, 'BB': 1}};at=R
r237	3	33296554	+	3	33296555	-	aid=r237;cn={'1': {'AA': 2, 'AB': 0, 'BA': 0, 'BB': 1}, '2': {'AA': 2, 'AB': 0, 'BA': 0, 'BB': 1}};at=R
r238	3	33296923	+	3	33296924	-	aid=r238;cn={'1': {'AA': 2, 'AB': 0, 'BA': 0, 'BB': 1}, '2': {'AA': 2, 'AB': 0, 'BA': 0, 'BB': 1}};at=R
r239	3	39856956	+	3	39856957	-	aid=r239;cn={'1': {'AA': 0, 'AB': 0, 'BA': 0, 'BB': 1}, '2': {'AA': 0, 'AB': 0, 'BA': 0, 'BB': 1}};at=R
r240	3	42004097	+	3	42004098	-	aid=r240;cn={'1': {'AA': 2, 'AB': 0, 'BA': 0, 'BB': 1}, '2': {'AA': 2, 'AB': 0, 'BA': 0, 'BB': 1}};at=R
r241	3	42073979	+	3	42073980	-	aid=r241;cn={'1': {'AA': 0, 'AB': 0, 'BA': 0, 'BB': 1}, '2': {'AA': 1, 'AB': 0, 'BA': 0, 'BB': 1}};at=R
r242	3	42074176	+	3	42074177	-	aid=r242;cn={'1': {'AA': 0, 'AB': 0, 'BA': 0, 'BB': 1}, '2': {'AA': 1, 'AB': 0, 'BA': 0, 'BB': 1}};at=R
r243	3	45266254	+	3	45266255	-	aid=r243;cn={'1': {'AA': 0, 'AB': 0, 'BA': 0, 'BB': 1}, '2': {'AA': 0, 'AB': 0, 'BA': 0, 'BB': 1}};at=R
r244	3	45270993	+	3	45270994	-	aid=r244;cn={'1': {'AA': 0, 'AB': 0, 'BA': 0, 'BB': 1}, '2': {'AA': 0, 'AB': 0, 'BA': 0, 'BB': 1}};at=R
r245	3	48799833	+	3	48799834	-	aid=r245;cn={'1': {'AA': 0, 'AB': 0, 'BA': 0, 'BB': 1}, '2': {'AA': 0, 'AB': 0, 'BA': 0, 'BB': 1}};at=R
r246	3	48811104	+	3	48811105	-	aid=r246;cn={'1': {'AA': 1, 'AB': 0, 'BA': 0, 'BB': 0}, '2': {'AA': 1, 'AB': 0, 'BA': 0, 'BB': 0}};at=R
r247	3	48811438	+	3	48811439	-	aid=r247;cn={'1': {'AA': 1, 'AB': 0, 'BA': 0, 'BB': 0}, '2': {'AA': 1, 'AB': 0, 'BA': 0, 'BB': 0}};at=R
r248	3	49557706	+	3	49557707	-	aid=r248;cn={'1': {'AA': 1, 'AB': 0, 'BA': 0, 'BB': 2}, '2': {'AA': 1, 'AB': 0, 'BA': 0, 'BB': 2}};at=R
r249	3	51363511	+	3	51363512	-	aid=r249;cn={'1': {'AA': 1, 'AB': 0, 'BA': 0, 'BB': 2}, '2': {'AA': 1, 'AB': 0, 'BA': 0, 'BB': 2}};at=R
r250	3	51365912	+	3	51365913	-	aid=r250;cn={'1': {'AA': 1, 'AB': 0, 'BA': 0, 'BB': 2}, '2': {'AA': 1, 'AB': 0, 'BA': 0, 'BB': 2}};at=R
r251	3	58314703	+	3	58314704	-	aid=r251;cn={'1': {'AA': 1, 'AB': 0, 'BA': 0, 'BB': 2}, '2': {'AA': 1, 'AB': 0, 'BA': 0, 'BB': 2}};at=R
r252	3	68694995	+	3	68694996	-	aid=r252;cn={'1': {'AA': 1, 'AB': 0, 'BA': 0, 'BB': 0}, '2': {'AA': 1, 'AB': 0, 'BA': 0, 'BB': 0}};at=R
r253	3	68695009	+	3	68695010	-	aid=r253;cn={'1': {'AA': 1, 'AB': 0, 'BA': 0, 'BB': 2}, '2': {'AA': 1, 'AB': 0, 'BA': 0, 'BB': 2}};at=R
r254	3	69245682	+	3	69245683	-	aid=r254;cn={'1': {'AA': 1, 'AB': 0, 'BA': 0, 'BB': 2}, '2': {'AA': 1, 'AB': 0, 'BA': 0, 'BB': 2}};at=R
r255	3	69245718	+	3	69245719	-	aid=r255;cn={'1': {'AA': 1, 'AB': 0, 'BA': 0, 'BB': 0}, '2': {'AA': 1, 'AB': 0, 'BA': 0, 'BB': 1}};at=R
r256	3	69245839	+	3	69245840	-	aid=r256;cn={'1': {'AA': 1, 'AB': 0, 'BA': 0, 'BB': 0}, '2': {'AA': 1, 'AB': 0, 'BA': 0, 'BB': 1}};at=R
r257	3	70124311	+	3	70124312	-	aid=r257;cn={'1': {'AA': 1, 'AB': 0, 'BA': 0, 'BB': 0}, '2': {'AA': 1, 'AB': 0, 'BA': 0, 'BB': 1}};at=R
r258	3	70125048	+	3	70125049	-	aid=r258;cn={'1': {'AA': 1, 'AB': 0, 'BA': 0, 'BB': 0}, '2': {'AA': 1, 'AB': 0, 'BA': 0, 'BB': 1}};at=R
r259	3	71277023	+	3	71277024	-	aid=r259;cn={'1': {'AA': 1, 'AB': 0, 'BA': 0, 'BB': 0}, '2': {'AA': 1, 'AB': 0, 'BA': 0, 'BB': 1}};at=R
r260	3	71281399	+	3	71281400	-	aid=r260;cn={'1': {'AA': 1, 'AB': 0, 'BA': 0, 'BB': 0}, '2': {'AA': 1, 'AB': 0, 'BA': 0, 'BB': 1}};at=R
r261	3	71281455	+	3	71281456	-	aid=r261;cn={'1': {'AA': 1, 'AB': 0, 'BA': 0, 'BB': 2}, '2': {'AA': 1, 'AB': 0, 'BA': 0, 'BB': 3}};at=R
r262	3	71670454	+	3	71670455	-	aid=r262;cn={'1': {'AA': 1, 'AB': 0, 'BA': 0, 'BB': 2}, '2': {'AA': 1, 'AB': 0, 'BA': 0, 'BB': 3}};at=R
r263	3	71670471	+	3	71670472	-	aid=r263;cn={'1': {'AA': 1, 'AB': 0, 'BA': 0, 'BB': 0}, '2': {'AA': 1, 'AB': 0, 'BA': 0, 'BB': 1}};at=R
r264	3	72597369	+	3	72597370	-	aid=r264;cn={'1': {'AA': 1, 'AB': 0, 'BA': 0, 'BB': 0}, '2': {'AA': 1, 'AB': 0, 'BA': 0, 'BB': 1}};at=R
r265	3	72604840	+	3	72604841	-	aid=r265;cn={'1': {'AA': 1, 'AB': 0, 'BA': 0, 'BB': 0}, '2': {'AA': 1, 'AB': 0, 'BA': 0, 'BB': 1}};at=R
r266	3	96678701	+	3	96678702	-	aid=r266;cn={'1': {'AA': 1, 'AB': 0, 'BA': 0, 'BB': 2}, '2': {'AA': 1, 'AB': 0, 'BA': 0, 'BB': 2}};at=R
r267	3	96807832	+	3	96807833	-	aid=r267;cn={'1': {'AA': 1, 'AB': 0, 'BA': 0, 'BB': 2}, '2': {'AA': 1, 'AB': 0, 'BA': 0, 'BB': 2}};at=R
r268	3	131499737	+	3	131499738	-	aid=r268;cn={'1': {'AA': 1, 'AB': 0, 'BA': 0, 'BB': 0}, '2': {'AA': 1, 'AB': 0, 'BA': 0, 'BB': 0}};at=R
r269	3	131503144	+	3	131503145	-	aid=r269;cn={'1': {'AA': 1, 'AB': 0, 'BA': 0, 'BB': 0}, '2': {'AA': 1, 'AB': 0, 'BA': 0, 'BB': 0}};at=R
r270	3	131906038	+	3	131906039	-	aid=r270;cn={'1': {'AA': 1, 'AB': 0, 'BA': 0, 'BB': 0}, '2': {'AA': 1, 'AB': 0, 'BA': 0, 'BB': 0}};at=R
r271	3	131906257	+	3	131906258	-	aid=r271;cn={'1': {'AA': 1, 'AB': 0, 'BA': 0, 'BB': 0}, '2': {'AA': 1, 'AB': 0, 'BA': 0, 'BB': 0}};at=R
r272	3	152950445	+	3	152950446	-	aid=r272;cn={'1': {'AA': 1, 'AB': 0, 'BA': 0, 'BB': 0}, '2': {'AA': 1, 'AB': 0, 'BA': 0, 'BB': 1}};at=R
r273	3	152950664	+	3	152950665	-	aid=r273;cn={'1': {'AA': 1, 'AB': 0, 'BA': 0, 'BB': 0}, '2': {'AA': 1, 'AB': 0, 'BA': 0, 'BB': 1}};at=R
r274	3	153775234	+	3	153775235	-	aid=r274;cn={'1': {'AA': 1, 'AB': 0, 'BA': 0, 'BB': 2}, '2': {'AA': 1, 'AB': 0, 'BA': 0, 'BB': 2}};at=R
r275	3	153775568	+	3	153775569	-	aid=r275;cn={'1': {'AA': 1, 'AB': 0, 'BA': 0, 'BB': 0}, '2': {'AA': 1, 'AB': 0, 'BA': 0, 'BB': 0}};at=R
r276	3	154439229	+	3	154439230	-	aid=r276;cn={'1': {'AA': 1, 'AB': 0, 'BA': 0, 'BB': 0}, '2': {'AA': 1, 'AB': 0, 'BA': 0, 'BB': 0}};at=R
r277	3	154439972	+	3	154439973	-	aid=r277;cn={'1': {'AA': 1, 'AB': 0, 'BA': 0, 'BB': 2}, '2': {'AA': 1, 'AB': 0, 'BA': 0, 'BB': 2}};at=R
r278	4	31794383	+	4	31794384	-	aid=r278;cn={'1': {'AA': 1, 'AB': 0, 'BA': 0, 'BB': 1}, '2': {'AA': 1, 'AB': 0, 'BA': 0, 'BB': 1}};at=R
r279	4	31794522	+	4	31794523	-	aid=r279;cn={'1': {'AA': 2, 'AB': 0, 'BA': 0, 'BB': 1}, '2': {'AA': 2, 'AB': 0, 'BA': 0, 'BB': 1}};at=R
r280	4	32811092	+	4	32811093	-	aid=r280;cn={'1': {'AA': 1, 'AB': 0, 'BA': 0, 'BB': 1}, '2': {'AA': 1, 'AB': 0, 'BA': 0, 'BB': 1}};at=R
r281	4	32841554	+	4	32841555	-	aid=r281;cn={'1': {'AA': 1, 'AB': 0, 'BA': 0, 'BB': 1}, '2': {'AA': 1, 'AB': 0, 'BA': 0, 'BB': 1}};at=R
r282	4	44576671	+	4	44576672	-	aid=r282;cn={'1': {'AA': 1, 'AB': 0, 'BA': 0, 'BB': 1}, '2': {'AA': 1, 'AB': 0, 'BA': 0, 'BB': 1}};at=R
r283	4	79867678	+	4	79867679	-	aid=r283;cn={'1': {'AA': 1, 'AB': 0, 'BA': 0, 'BB': 1}, '2': {'AA': 1, 'AB': 0, 'BA': 0, 'BB': 1}};at=R
r284	4	79868482	+	4	79868483	-	aid=r284;cn={'1': {'AA': 1, 'AB': 0, 'BA': 0, 'BB': 0}, '2': {'AA': 1, 'AB': 0, 'BA': 0, 'BB': 0}};at=R
r285	4	102178210	+	4	102178211	-	aid=r285;cn={'1': {'AA': 1, 'AB': 0, 'BA': 0, 'BB': 0}, '2': {'AA': 1, 'AB': 0, 'BA': 0, 'BB': 0}};at=R
r286	4	102178475	+	4	102178476	-	aid=r286;cn={'1': {'AA': 1, 'AB': 0, 'BA': 0, 'BB': 1}, '2': {'AA': 1, 'AB': 0, 'BA': 0, 'BB': 1}};at=R
r287	4	182418058	+	4	182418059	-	aid=r287;cn={'1': {'AA': 1, 'AB': 0, 'BA': 0, 'BB': 1}, '2': {'AA': 1, 'AB': 0, 'BA': 0, 'BB': 1}};at=R
r288	5	32606478	+	5	32606479	-	aid=r288;cn={'1': {'AA': 1, 'AB': 0, 'BA': 0, 'BB': 1}, '2': {'AA': 1, 'AB': 0, 'BA': 0, 'BB': 1}};at=R
r289	5	32606883	+	5	32606884	-	aid=r289;cn={'1': {'AA': 1, 'AB': 0, 'BA': 0, 'BB': 1}, '2': {'AA': 1, 'AB': 0, 'BA': 0, 'BB': 1}};at=R
r290	5	34900582	+	5	34900583	-	aid=r290;cn={'1': {'AA': 1, 'AB': 0, 'BA': 0, 'BB': 1}, '2': {'AA': 1, 'AB': 0, 'BA': 0, 'BB': 1}};at=R
r291	5	34911404	+	5	34911405	-	aid=r291;cn={'1': {'AA': 1, 'AB': 0, 'BA': 0, 'BB': 1}, '2': {'AA': 1, 'AB': 0, 'BA': 0, 'BB': 1}};at=R
r292	5	35209523	+	5	35209524	-	aid=r292;cn={'1': {'AA': 1, 'AB': 0, 'BA': 0, 'BB': 1}, '2': {'AA': 1, 'AB': 0, 'BA': 0, 'BB': 1}};at=R
r293	5	35209694	+	5	35209695	-	aid=r293;cn={'1': {'AA': 1, 'AB': 0, 'BA': 0, 'BB': 1}, '2': {'AA': 1, 'AB': 0, 'BA': 0, 'BB': 1}};at=R
r294	5	112999506	+	5	112999507	-	aid=r294;cn={'1': {'AA': 1, 'AB': 0, 'BA': 0, 'BB': 1}, '2': {'AA': 1, 'AB': 0, 'BA': 0, 'BB': 1}};at=R
r295	5	113000574	+	5	113000575	-	aid=r295;cn={'1': {'AA': 1, 'AB': 0, 'BA': 0, 'BB': 0}, '2': {'AA': 1, 'AB': 0, 'BA': 0, 'BB': 0}};at=R
r296	5	129092185	+	5	129092186	-	aid=r296;cn={'1': {'AA': 1, 'AB': 0, 'BA': 0, 'BB': 0}, '2': {'AA': 1, 'AB': 0, 'BA': 0, 'BB': 0}};at=R
r297	5	129092671	+	5	129092672	-	aid=r297;cn={'1': {'AA': 1, 'AB': 0, 'BA': 0, 'BB': 1}, '2': {'AA': 1, 'AB': 0, 'BA': 0, 'BB': 1}};at=R
r298	6	12617335	+	6	12617336	-	aid=r298;cn={'1': {'AA': 1, 'AB': 0, 'BA': 0, 'BB': 1}, '2': {'AA': 1, 'AB': 0, 'BA': 0, 'BB': 1}};at=R
r299	6	12617767	+	6	12617768	-	aid=r299;cn={'1': {'AA': 1, 'AB': 0, 'BA': 0, 'BB': 1}, '2': {'AA': 1, 'AB': 0, 'BA': 0, 'BB': 1}};at=R
r300	6	32588711	+	6	32588712	-	aid=r300;cn={'1': {'AA': 1, 'AB': 0, 'BA': 0, 'BB': 1}, '2': {'AA': 1, 'AB': 0, 'BA': 0, 'BB': 1}};at=R
r301	6	32645709	+	6	32645710	-	aid=r301;cn={'1': {'AA': 1, 'AB': 0, 'BA': 0, 'BB': 1}, '2': {'AA': 1, 'AB': 0, 'BA': 0, 'BB': 1}};at=R
r302	7	6460949	+	7	6460950	-	aid=r302;cn={'1': {'AA': 1, 'AB': 0, 'BA': 0, 'BB': 1}, '2': {'AA': 1, 'AB': 0, 'BA': 0, 'BB': 2}};at=R
r303	7	6461228	+	7	6461229	-	aid=r303;cn={'1': {'AA': 1, 'AB': 0, 'BA': 0, 'BB': 1}, '2': {'AA': 1, 'AB': 0, 'BA': 0, 'BB': 2}};at=R
r304	7	32666002	+	7	32666003	-	aid=r304;cn={'1': {'AA': 1, 'AB': 0, 'BA': 0, 'BB': 1}, '2': {'AA': 1, 'AB': 0, 'BA': 0, 'BB': 2}};at=R
r305	7	32974766	+	7	32974767	-	aid=r305;cn={'1': {'AA': 1, 'AB': 0, 'BA': 0, 'BB': 1}, '2': {'AA': 1, 'AB': 0, 'BA': 0, 'BB': 2}};at=R
r306	7	62632424	+	7	62632425	-	aid=r306;cn={'1': {'AA': 1, 'AB': 0, 'BA': 0, 'BB': 1}, '2': {'AA': 1, 'AB': 0, 'BA': 0, 'BB': 2}};at=R
r307	7	62634535	+	7	62634536	-	aid=r307;cn={'1': {'AA': 1, 'AB': 0, 'BA': 0, 'BB': 1}, '2': {'AA': 1, 'AB': 0, 'BA': 0, 'BB': 2}};at=R
r308	7	63227849	+	7	63227850	-	aid=r308;cn={'1': {'AA': 3, 'AB': 0, 'BA': 0, 'BB': 1}, '2': {'AA': 3, 'AB': 0, 'BA': 0, 'BB': 2}};at=R
r309	7	63970987	+	7	63970988	-	aid=r309;cn={'1': {'AA': 3, 'AB': 0, 'BA': 0, 'BB': 1}, '2': {'AA': 3, 'AB': 0, 'BA': 0, 'BB': 2}};at=R
r310	7	64728636	+	7	64728637	-	aid=r310;cn={'1': {'AA': 4, 'AB': 0, 'BA': 0, 'BB': 1}, '2': {'AA': 4, 'AB': 0, 'BA': 0, 'BB': 2}};at=R
r311	7	64729113	+	7	64729114	-	aid=r311;cn={'1': {'AA': 4, 'AB': 0, 'BA': 0, 'BB': 1}, '2': {'AA': 4, 'AB': 0, 'BA': 0, 'BB': 2}};at=R
r312	7	65372117	+	7	65372118	-	aid=r312;cn={'1': {'AA': 4, 'AB': 0, 'BA': 0, 'BB': 1}, '2': {'AA': 4, 'AB': 0, 'BA': 0, 'BB': 2}};at=R
r313	7	65772760	+	7	65772761	-	aid=r313;cn={'1': {'AA': 1, 'AB': 0, 'BA': 0, 'BB': 1}, '2': {'AA': 1, 'AB': 0, 'BA': 0, 'BB': 2}};at=R
r314	7	65773326	+	7	65773327	-	aid=r314;cn={'1': {'AA': 1, 'AB': 0, 'BA': 0, 'BB': 1}, '2': {'AA': 1, 'AB': 0, 'BA': 0, 'BB': 2}};at=R
r315	7	66764000	+	7	66764001	-	aid=r315;cn={'1': {'AA': 1, 'AB': 0, 'BA': 0, 'BB': 1}, '2': {'AA': 1, 'AB': 0, 'BA': 0, 'BB': 1}};at=R
r316	7	96283876	+	7	96283877	-	aid=r316;cn={'1': {'AA': 1, 'AB': 0, 'BA': 0, 'BB': 1}, '2': {'AA': 1, 'AB': 0, 'BA': 0, 'BB': 1}};at=R
r317	7	103220985	+	7	103220986	-	aid=r317;cn={'1': {'AA': 1, 'AB': 0, 'BA': 0, 'BB': 1}, '2': {'AA': 1, 'AB': 0, 'BA': 0, 'BB': 1}};at=R
r318	7	103226182	+	7	103226183	-	aid=r318;cn={'1': {'AA': 1, 'AB': 0, 'BA': 0, 'BB': 1}, '2': {'AA': 1, 'AB': 0, 'BA': 0, 'BB': 1}};at=R
r319	7	107134346	+	7	107134347	-	aid=r319;cn={'1': {'AA': 1, 'AB': 0, 'BA': 0, 'BB': 1}, '2': {'AA': 1, 'AB': 0, 'BA': 0, 'BB': 1}};at=R
r320	7	107143515	+	7	107143516	-	aid=r320;cn={'1': {'AA': 1, 'AB': 0, 'BA': 0, 'BB': 1}, '2': {'AA': 1, 'AB': 0, 'BA': 0, 'BB': 1}};at=R
r321	7	117578581	+	7	117578582	-	aid=r321;cn={'1': {'AA': 1, 'AB': 0, 'BA': 0, 'BB': 1}, '2': {'AA': 1, 'AB': 0, 'BA': 0, 'BB': 1}};at=R
r322	7	117580289	+	7	117580290	-	aid=r322;cn={'1': {'AA': 1, 'AB': 0, 'BA': 0, 'BB': 1}, '2': {'AA': 1, 'AB': 0, 'BA': 0, 'BB': 1}};at=R
r323	7	117739674	+	7	117739675	-	aid=r323;cn={'1': {'AA': 1, 'AB': 0, 'BA': 0, 'BB': 1}, '2': {'AA': 1, 'AB': 0, 'BA': 0, 'BB': 2}};at=R
r324	7	117739934	+	7	117739935	-	aid=r324;cn={'1': {'AA': 1, 'AB': 0, 'BA': 0, 'BB': 1}, '2': {'AA': 1, 'AB': 0, 'BA': 0, 'BB': 2}};at=R
r325	7	117740966	+	7	117740967	-	aid=r325;cn={'1': {'AA': 1, 'AB': 0, 'BA': 0, 'BB': 1}, '2': {'AA': 1, 'AB': 0, 'BA': 0, 'BB': 2}};at=R
r326	7	119892553	+	7	119892554	-	aid=r326;cn={'1': {'AA': 1, 'AB': 0, 'BA': 0, 'BB': 1}, '2': {'AA': 1, 'AB': 0, 'BA': 0, 'BB': 2}};at=R
r327	7	119895808	+	7	119895809	-	aid=r327;cn={'1': {'AA': 1, 'AB': 0, 'BA': 0, 'BB': 1}, '2': {'AA': 1, 'AB': 0, 'BA': 0, 'BB': 2}};at=R
r328	7	120349898	+	7	120349899	-	aid=r328;cn={'1': {'AA': 1, 'AB': 0, 'BA': 0, 'BB': 1}, '2': {'AA': 1, 'AB': 0, 'BA': 0, 'BB': 3}};at=R
r329	7	121705867	+	7	121705868	-	aid=r329;cn={'1': {'AA': 1, 'AB': 0, 'BA': 0, 'BB': 2}, '2': {'AA': 1, 'AB': 0, 'BA': 0, 'BB': 1}};at=R
r330	7	121721528	+	7	121721529	-	aid=r330;cn={'1': {'AA': 1, 'AB': 0, 'BA': 0, 'BB': 2}, '2': {'AA': 1, 'AB': 0, 'BA': 0, 'BB': 1}};at=R
r331	7	123155809	+	7	123155810	-	aid=r331;cn={'1': {'AA': 1, 'AB': 0, 'BA': 0, 'BB': 1}, '2': {'AA': 1, 'AB': 0, 'BA': 0, 'BB': 0}};at=R
r332	7	123160534	+	7	123160535	-	aid=r332;cn={'1': {'AA': 1, 'AB': 0, 'BA': 0, 'BB': 1}, '2': {'AA': 1, 'AB': 0, 'BA': 0, 'BB': 0}};at=R
r333	7	123422000	+	7	123422001	-	aid=r333;cn={'1': {'AA': 1, 'AB': 0, 'BA': 0, 'BB': 2}, '2': {'AA': 1, 'AB': 0, 'BA': 0, 'BB': 4}};at=R
r334	7	124304816	+	7	124304817	-	aid=r334;cn={'1': {'AA': 1, 'AB': 0, 'BA': 0, 'BB': 2}, '2': {'AA': 1, 'AB': 0, 'BA': 0, 'BB': 3}};at=R
r335	7	124810492	+	7	124810493	-	aid=r335;cn={'1': {'AA': 0, 'AB': 0, 'BA': 0, 'BB': 2}, '2': {'AA': 0, 'AB': 0, 'BA': 0, 'BB': 3}};at=R
r336	7	124813260	+	7	124813261	-	aid=r336;cn={'1': {'AA': 0, 'AB': 0, 'BA': 0, 'BB': 2}, '2': {'AA': 0, 'AB': 0, 'BA': 0, 'BB': 3}};at=R
r337	7	125689685	+	7	125689686	-	aid=r337;cn={'1': {'AA': 1, 'AB': 0, 'BA': 0, 'BB': 2}, '2': {'AA': 0, 'AB': 0, 'BA': 0, 'BB': 3}};at=R
r338	7	125720563	+	7	125720564	-	aid=r338;cn={'1': {'AA': 1, 'AB': 0, 'BA': 0, 'BB': 2}, '2': {'AA': 0, 'AB': 0, 'BA': 0, 'BB': 3}};at=R
r339	7	126201770	+	7	126201771	-	aid=r339;cn={'1': {'AA': 1, 'AB': 0, 'BA': 0, 'BB': 2}, '2': {'AA': 0, 'AB': 0, 'BA': 0, 'BB': 3}};at=R
r340	7	126202421	+	7	126202422	-	aid=r340;cn={'1': {'AA': 4, 'AB': 0, 'BA': 0, 'BB': 2}, '2': {'AA': 4, 'AB': 0, 'BA': 0, 'BB': 3}};at=R
r341	7	126207667	+	7	126207668	-	aid=r341;cn={'1': {'AA': 4, 'AB': 0, 'BA': 0, 'BB': 1}, '2': {'AA': 4, 'AB': 0, 'BA': 0, 'BB': 2}};at=R
r342	7	126211428	+	7	126211429	-	aid=r342;cn={'1': {'AA': 4, 'AB': 0, 'BA': 0, 'BB': 1}, '2': {'AA': 4, 'AB': 0, 'BA': 0, 'BB': 2}};at=R
r343	7	126330847	+	7	126330848	-	aid=r343;cn={'1': {'AA': 4, 'AB': 0, 'BA': 0, 'BB': 1}, '2': {'AA': 4, 'AB': 0, 'BA': 0, 'BB': 2}};at=R
r344	7	127698490	+	7	127698491	-	aid=r344;cn={'1': {'AA': 3, 'AB': 0, 'BA': 0, 'BB': 1}, '2': {'AA': 2, 'AB': 0, 'BA': 0, 'BB': 2}};at=R
r345	7	127698549	+	7	127698550	-	aid=r345;cn={'1': {'AA': 3, 'AB': 0, 'BA': 0, 'BB': 1}, '2': {'AA': 2, 'AB': 0, 'BA': 0, 'BB': 2}};at=R
r346	7	127700047	+	7	127700048	-	aid=r346;cn={'1': {'AA': 5, 'AB': 0, 'BA': 0, 'BB': 0}, '2': {'AA': 4, 'AB': 0, 'BA': 0, 'BB': 1}};at=R
r347	7	127742495	+	7	127742496	-	aid=r347;cn={'1': {'AA': 5, 'AB': 0, 'BA': 0, 'BB': 0}, '2': {'AA': 4, 'AB': 0, 'BA': 0, 'BB': 1}};at=R
r348	7	127742681	+	7	127742682	-	aid=r348;cn={'1': {'AA': 2, 'AB': 0, 'BA': 0, 'BB': 2}, '2': {'AA': 2, 'AB': 0, 'BA': 0, 'BB': 2}};at=R
r349	7	127786301	+	7	127786302	-	aid=r349;cn={'1': {'AA': 2, 'AB': 0, 'BA': 0, 'BB': 1}, '2': {'AA': 2, 'AB': 0, 'BA': 0, 'BB': 1}};at=R
r350	7	127786589	+	7	127786590	-	aid=r350;cn={'1': {'AA': 2, 'AB': 0, 'BA': 0, 'BB': 1}, '2': {'AA': 2, 'AB': 0, 'BA': 0, 'BB': 1}};at=R
r351	7	130573240	+	7	130573241	-	aid=r351;cn={'1': {'AA': 2, 'AB': 0, 'BA': 0, 'BB': 1}, '2': {'AA': 2, 'AB': 0, 'BA': 0, 'BB': 1}};at=R
r352	7	130576999	+	7	130577000	-	aid=r352;cn={'1': {'AA': 2, 'AB': 0, 'BA': 0, 'BB': 1}, '2': {'AA': 2, 'AB': 0, 'BA': 0, 'BB': 1}};at=R
r353	7	131199535	+	7	131199536	-	aid=r353;cn={'1': {'AA': 4, 'AB': 0, 'BA': 0, 'BB': 1}, '2': {'AA': 2, 'AB': 0, 'BA': 0, 'BB': 1}};at=R
r354	7	131254118	+	7	131254119	-	aid=r354;cn={'1': {'AA': 3, 'AB': 0, 'BA': 0, 'BB': 1}, '2': {'AA': 2, 'AB': 0, 'BA': 0, 'BB': 1}};at=R
r355	7	131614712	+	7	131614713	-	aid=r355;cn={'1': {'AA': 3, 'AB': 0, 'BA': 0, 'BB': 1}, '2': {'AA': 3, 'AB': 0, 'BA': 0, 'BB': 1}};at=R
r356	7	131835427	+	7	131835428	-	aid=r356;cn={'1': {'AA': 2, 'AB': 0, 'BA': 0, 'BB': 1}, '2': {'AA': 2, 'AB': 0, 'BA': 0, 'BB': 1}};at=R
r357	7	131844673	+	7	131844674	-	aid=r357;cn={'1': {'AA': 2, 'AB': 0, 'BA': 0, 'BB': 1}, '2': {'AA': 2, 'AB': 0, 'BA': 0, 'BB': 1}};at=R
r358	7	131877038	+	7	131877039	-	aid=r358;cn={'1': {'AA': 2, 'AB': 0, 'BA': 0, 'BB': 1}, '2': {'AA': 2, 'AB': 0, 'BA': 0, 'BB': 1}};at=R
r359	7	133745030	+	7	133745031	-	aid=r359;cn={'1': {'AA': 2, 'AB': 0, 'BA': 0, 'BB': 1}, '2': {'AA': 2, 'AB': 0, 'BA': 0, 'BB': 1}};at=R
r360	7	133745700	+	7	133745701	-	aid=r360;cn={'1': {'AA': 4, 'AB': 0, 'BA': 0, 'BB': 1}, '2': {'AA': 4, 'AB': 0, 'BA': 0, 'BB': 1}};at=R
r361	7	133947980	+	7	133947981	-	aid=r361;cn={'1': {'AA': 4, 'AB': 0, 'BA': 0, 'BB': 1}, '2': {'AA': 4, 'AB': 0, 'BA': 0, 'BB': 1}};at=R
r362	7	133949087	+	7	133949088	-	aid=r362;cn={'1': {'AA': 2, 'AB': 0, 'BA': 0, 'BB': 1}, '2': {'AA': 2, 'AB': 0, 'BA': 0, 'BB': 1}};at=R
r363	7	137543217	+	7	137543218	-	aid=r363;cn={'1': {'AA': 2, 'AB': 0, 'BA': 0, 'BB': 1}, '2': {'AA': 2, 'AB': 0, 'BA': 0, 'BB': 1}};at=R
r364	7	137543750	+	7	137543751	-	aid=r364;cn={'1': {'AA': 4, 'AB': 0, 'BA': 0, 'BB': 1}, '2': {'AA': 4, 'AB': 0, 'BA': 0, 'BB': 1}};at=R
r365	7	138278793	+	7	138278794	-	aid=r365;cn={'1': {'AA': 2, 'AB': 0, 'BA': 0, 'BB': 1}, '2': {'AA': 2, 'AB': 0, 'BA': 0, 'BB': 1}};at=R
r366	7	138279638	+	7	138279639	-	aid=r366;cn={'1': {'AA': 2, 'AB': 0, 'BA': 0, 'BB': 1}, '2': {'AA': 2, 'AB': 0, 'BA': 0, 'BB': 1}};at=R
r367	7	138843934	+	7	138843935	-	aid=r367;cn={'1': {'AA': 2, 'AB': 0, 'BA': 0, 'BB': 1}, '2': {'AA': 2, 'AB': 0, 'BA': 0, 'BB': 1}};at=R
r368	7	138871659	+	7	138871660	-	aid=r368;cn={'1': {'AA': 5, 'AB': 0, 'BA': 0, 'BB': 1}, '2': {'AA': 5, 'AB': 0, 'BA': 0, 'BB': 1}};at=R
r369	7	141107589	+	7	141107590	-	aid=r369;cn={'1': {'AA': 5, 'AB': 0, 'BA': 0, 'BB': 1}, '2': {'AA': 5, 'AB': 0, 'BA': 0, 'BB': 1}};at=R
r370	7	141108472	+	7	141108473	-	aid=r370;cn={'1': {'AA': 3, 'AB': 0, 'BA': 0, 'BB': 1}, '2': {'AA': 3, 'AB': 0, 'BA': 0, 'BB': 1}};at=R
r371	7	141416122	+	7	141416123	-	aid=r371;cn={'1': {'AA': 3, 'AB': 0, 'BA': 0, 'BB': 1}, '2': {'AA': 3, 'AB': 0, 'BA': 0, 'BB': 1}};at=R
r372	7	141696535	+	7	141696536	-	aid=r372;cn={'1': {'AA': 3, 'AB': 0, 'BA': 0, 'BB': 1}, '2': {'AA': 3, 'AB': 0, 'BA': 0, 'BB': 1}};at=R
r373	7	143846999	+	7	143847000	-	aid=r373;cn={'1': {'AA': 3, 'AB': 0, 'BA': 0, 'BB': 1}, '2': {'AA': 3, 'AB': 0, 'BA': 0, 'BB': 1}};at=R
r374	7	143850799	+	7	143850800	-	aid=r374;cn={'1': {'AA': 3, 'AB': 0, 'BA': 0, 'BB': 1}, '2': {'AA': 2, 'AB': 0, 'BA': 0, 'BB': 2}};at=R
r375	7	143855835	+	7	143855836	-	aid=r375;cn={'1': {'AA': 3, 'AB': 0, 'BA': 0, 'BB': 1}, '2': {'AA': 2, 'AB': 0, 'BA': 0, 'BB': 2}};at=R
r376	7	144545124	+	7	144545125	-	aid=r376;cn={'1': {'AA': 3, 'AB': 0, 'BA': 0, 'BB': 1}, '2': {'AA': 2, 'AB': 0, 'BA': 0, 'BB': 2}};at=R
r377	7	144709000	+	7	144709001	-	aid=r377;cn={'1': {'AA': 3, 'AB': 0, 'BA': 0, 'BB': 1}, '2': {'AA': 2, 'AB': 0, 'BA': 0, 'BB': 2}};at=R
r378	7	145016823	+	7	145016824	-	aid=r378;cn={'1': {'AA': 3, 'AB': 0, 'BA': 0, 'BB': 1}, '2': {'AA': 2, 'AB': 0, 'BA': 0, 'BB': 2}};at=R
r379	7	148086747	+	7	148086748	-	aid=r379;cn={'1': {'AA': 3, 'AB': 0, 'BA': 0, 'BB': 1}, '2': {'AA': 3, 'AB': 0, 'BA': 0, 'BB': 2}};at=R
r380	7	148117188	+	7	148117189	-	aid=r380;cn={'1': {'AA': 3, 'AB': 0, 'BA': 0, 'BB': 1}, '2': {'AA': 3, 'AB': 0, 'BA': 0, 'BB': 2}};at=R
r381	7	148118460	+	7	148118461	-	aid=r381;cn={'1': {'AA': 3, 'AB': 0, 'BA': 0, 'BB': 1}, '2': {'AA': 3, 'AB': 0, 'BA': 0, 'BB': 2}};at=R
r382	7	148210425	+	7	148210426	-	aid=r382;cn={'1': {'AA': 3, 'AB': 0, 'BA': 0, 'BB': 1}, '2': {'AA': 3, 'AB': 0, 'BA': 0, 'BB': 2}};at=R
r383	7	148794982	+	7	148794983	-	aid=r383;cn={'1': {'AA': 3, 'AB': 0, 'BA': 0, 'BB': 1}, '2': {'AA': 3, 'AB': 0, 'BA': 0, 'BB': 2}};at=R
r384	7	148891230	+	7	148891231	-	aid=r384;cn={'1': {'AA': 3, 'AB': 0, 'BA': 0, 'BB': 1}, '2': {'AA': 3, 'AB': 0, 'BA': 0, 'BB': 2}};at=R
r385	7	149685300	+	7	149685301	-	aid=r385;cn={'1': {'AA': 4, 'AB': 0, 'BA': 0, 'BB': 1}, '2': {'AA': 4, 'AB': 0, 'BA': 0, 'BB': 2}};at=R
r386	7	149937924	+	7	149937925	-	aid=r386;cn={'1': {'AA': 1, 'AB': 0, 'BA': 0, 'BB': 1}, '2': {'AA': 1, 'AB': 0, 'BA': 0, 'BB': 2}};at=R
r387	7	149938238	+	7	149938239	-	aid=r387;cn={'1': {'AA': 1, 'AB': 0, 'BA': 0, 'BB': 1}, '2': {'AA': 1, 'AB': 0, 'BA': 0, 'BB': 2}};at=R
r388	8	8880633	+	8	8880634	-	aid=r388;cn={'1': {'AA': 0, 'AB': 0, 'BA': 0, 'BB': 1}, '2': {'AA': 1, 'AB': 0, 'BA': 0, 'BB': 1}};at=R
r389	8	8880702	+	8	8880703	-	aid=r389;cn={'1': {'AA': 0, 'AB': 0, 'BA': 0, 'BB': 1}, '2': {'AA': 1, 'AB': 0, 'BA': 0, 'BB': 1}};at=R
r390	8	35887937	+	8	35887938	-	aid=r390;cn={'1': {'AA': 0, 'AB': 0, 'BA': 0, 'BB': 1}, '2': {'AA': 1, 'AB': 0, 'BA': 0, 'BB': 1}};at=R
r391	8	37404523	+	8	37404524	-	aid=r391;cn={'1': {'AA': 0, 'AB': 0, 'BA': 0, 'BB': 1}, '2': {'AA': 1, 'AB': 0, 'BA': 0, 'BB': 1}};at=R
r392	8	37405215	+	8	37405216	-	aid=r392;cn={'1': {'AA': 0, 'AB': 0, 'BA': 0, 'BB': 1}, '2': {'AA': 1, 'AB': 0, 'BA': 0, 'BB': 1}};at=R
r393	8	38087686	+	8	38087687	-	aid=r393;cn={'1': {'AA': 0, 'AB': 0, 'BA': 0, 'BB': 1}, '2': {'AA': 1, 'AB': 0, 'BA': 0, 'BB': 1}};at=R
r394	8	38212229	+	8	38212230	-	aid=r394;cn={'1': {'AA': 1, 'AB': 0, 'BA': 0, 'BB': 1}, '2': {'AA': 3, 'AB': 0, 'BA': 0, 'BB': 1}};at=R
r395	8	38368194	+	8	38368195	-	aid=r395;cn={'1': {'AA': 8, 'AB': 0, 'BA': 0, 'BB': 1}, '2': {'AA': 9, 'AB': 0, 'BA': 0, 'BB': 1}};at=R
r396	8	38428588	+	8	38428589	-	aid=r396;cn={'1': {'AA': 8, 'AB': 0, 'BA': 0, 'BB': 1}, '2': {'AA': 8, 'AB': 0, 'BA': 0, 'BB': 1}};at=R
r397	8	38573362	+	8	38573363	-	aid=r397;cn={'1': {'AA': 8, 'AB': 0, 'BA': 0, 'BB': 1}, '2': {'AA': 8, 'AB': 0, 'BA': 0, 'BB': 1}};at=R
r398	8	38622961	+	8	38622962	-	aid=r398;cn={'1': {'AA': 8, 'AB': 0, 'BA': 0, 'BB': 1}, '2': {'AA': 8, 'AB': 0, 'BA': 0, 'BB': 1}};at=R
r399	8	38624367	+	8	38624368	-	aid=r399;cn={'1': {'AA': 9, 'AB': 0, 'BA': 0, 'BB': 1}, '2': {'AA': 9, 'AB': 0, 'BA': 0, 'BB': 1}};at=R
r400	8	38641889	+	8	38641890	-	aid=r400;cn={'1': {'AA': 9, 'AB': 0, 'BA': 0, 'BB': 1}, '2': {'AA': 9, 'AB': 0, 'BA': 0, 'BB': 1}};at=R
r401	8	38650972	+	8	38650973	-	aid=r401;cn={'1': {'AA': 9, 'AB': 0, 'BA': 0, 'BB': 1}, '2': {'AA': 9, 'AB': 0, 'BA': 0, 'BB': 1}};at=R
r402	8	38913276	+	8	38913277	-	aid=r402;cn={'1': {'AA': 10, 'AB': 0, 'BA': 0, 'BB': 1}, '2': {'AA': 10, 'AB': 0, 'BA': 0, 'BB': 1}};at=R
r403	8	39028409	+	8	39028410	-	aid=r403;cn={'1': {'AA': 10, 'AB': 0, 'BA': 0, 'BB': 1}, '2': {'AA': 10, 'AB': 0, 'BA': 0, 'BB': 1}};at=R
r404	8	39049951	+	8	39049952	-	aid=r404;cn={'1': {'AA': 10, 'AB': 0, 'BA': 0, 'BB': 1}, '2': {'AA': 10, 'AB': 0, 'BA': 0, 'BB': 1}};at=R
r405	8	39091583	+	8	39091584	-	aid=r405;cn={'1': {'AA': 9, 'AB': 0, 'BA': 0, 'BB': 1}, '2': {'AA': 8, 'AB': 0, 'BA': 0, 'BB': 1}};at=R
r406	8	39138004	+	8	39138005	-	aid=r406;cn={'1': {'AA': 9, 'AB': 0, 'BA': 0, 'BB': 1}, '2': {'AA': 8, 'AB': 0, 'BA': 0, 'BB': 1}};at=R
r407	8	39263194	+	8	39263195	-	aid=r407;cn={'1': {'AA': 10, 'AB': 0, 'BA': 0, 'BB': 1}, '2': {'AA': 10, 'AB': 0, 'BA': 0, 'BB': 1}};at=R
r408	8	39369283	+	8	39369284	-	aid=r408;cn={'1': {'AA': 10, 'AB': 0, 'BA': 0, 'BB': 1}, '2': {'AA': 10, 'AB': 0, 'BA': 0, 'BB': 1}};at=R
r409	8	39495799	+	8	39495800	-	aid=r409;cn={'1': {'AA': 10, 'AB': 0, 'BA': 0, 'BB': 1}, '2': {'AA': 10, 'AB': 0, 'BA': 0, 'BB': 1}};at=R
r410	8	39564591	+	8	39564592	-	aid=r410;cn={'1': {'AA': 10, 'AB': 0, 'BA': 0, 'BB': 1}, '2': {'AA': 10, 'AB': 0, 'BA': 0, 'BB': 1}};at=R
r411	8	39594594	+	8	39594595	-	aid=r411;cn={'1': {'AA': 8, 'AB': 0, 'BA': 0, 'BB': 1}, '2': {'AA': 8, 'AB': 0, 'BA': 0, 'BB': 1}};at=R
r412	8	39602058	+	8	39602059	-	aid=r412;cn={'1': {'AA': 8, 'AB': 0, 'BA': 0, 'BB': 1}, '2': {'AA': 8, 'AB': 0, 'BA': 0, 'BB': 1}};at=R
r413	8	39690811	+	8	39690812	-	aid=r413;cn={'1': {'AA': 8, 'AB': 0, 'BA': 0, 'BB': 1}, '2': {'AA': 8, 'AB': 0, 'BA': 0, 'BB': 1}};at=R
r414	8	39691140	+	8	39691141	-	aid=r414;cn={'1': {'AA': 9, 'AB': 0, 'BA': 0, 'BB': 1}, '2': {'AA': 9, 'AB': 0, 'BA': 0, 'BB': 1}};at=R
r415	8	39795110	+	8	39795111	-	aid=r415;cn={'1': {'AA': 9, 'AB': 0, 'BA': 0, 'BB': 1}, '2': {'AA': 9, 'AB': 0, 'BA': 0, 'BB': 1}};at=R
r416	8	39865407	+	8	39865408	-	aid=r416;cn={'1': {'AA': 4, 'AB': 0, 'BA': 0, 'BB': 1}, '2': {'AA': 5, 'AB': 0, 'BA': 0, 'BB': 1}};at=R
r417	8	39919505	+	8	39919506	-	aid=r417;cn={'1': {'AA': 4, 'AB': 0, 'BA': 0, 'BB': 1}, '2': {'AA': 5, 'AB': 0, 'BA': 0, 'BB': 1}};at=R
r418	8	39920275	+	8	39920276	-	aid=r418;cn={'1': {'AA': 4, 'AB': 0, 'BA': 0, 'BB': 1}, '2': {'AA': 5, 'AB': 0, 'BA': 0, 'BB': 1}};at=R
r419	8	40050100	+	8	40050101	-	aid=r419;cn={'1': {'AA': 4, 'AB': 0, 'BA': 0, 'BB': 1}, '2': {'AA': 5, 'AB': 0, 'BA': 0, 'BB': 1}};at=R
r420	8	40050343	+	8	40050344	-	aid=r420;cn={'1': {'AA': 4, 'AB': 0, 'BA': 0, 'BB': 1}, '2': {'AA': 5, 'AB': 0, 'BA': 0, 'BB': 1}};at=R
r421	8	40093338	+	8	40093339	-	aid=r421;cn={'1': {'AA': 4, 'AB': 0, 'BA': 0, 'BB': 1}, '2': {'AA': 5, 'AB': 0, 'BA': 0, 'BB': 1}};at=R
r422	8	40158935	+	8	40158936	-	aid=r422;cn={'1': {'AA': 4, 'AB': 0, 'BA': 0, 'BB': 1}, '2': {'AA': 5, 'AB': 0, 'BA': 0, 'BB': 1}};at=R
r423	8	40211102	+	8	40211103	-	aid=r423;cn={'1': {'AA': 4, 'AB': 0, 'BA': 0, 'BB': 1}, '2': {'AA': 4, 'AB': 0, 'BA': 0, 'BB': 1}};at=R
r424	8	40839243	+	8	40839244	-	aid=r424;cn={'1': {'AA': 4, 'AB': 0, 'BA': 0, 'BB': 1}, '2': {'AA': 4, 'AB': 0, 'BA': 0, 'BB': 1}};at=R
r425	8	40934740	+	8	40934741	-	aid=r425;cn={'1': {'AA': 4, 'AB': 0, 'BA': 0, 'BB': 1}, '2': {'AA': 4, 'AB': 0, 'BA': 0, 'BB': 1}};at=R
r426	8	41880743	+	8	41880744	-	aid=r426;cn={'1': {'AA': 4, 'AB': 0, 'BA': 0, 'BB': 1}, '2': {'AA': 4, 'AB': 0, 'BA': 0, 'BB': 1}};at=R
r427	8	43324371	+	8	43324372	-	aid=r427;cn={'1': {'AA': 4, 'AB': 0, 'BA': 0, 'BB': 1}, '2': {'AA': 4, 'AB': 0, 'BA': 0, 'BB': 1}};at=R
r428	8	43324487	+	8	43324488	-	aid=r428;cn={'1': {'AA': 2, 'AB': 0, 'BA': 0, 'BB': 1}, '2': {'AA': 3, 'AB': 0, 'BA': 0, 'BB': 1}};at=R
r429	8	48713957	+	8	48713958	-	aid=r429;cn={'1': {'AA': 2, 'AB': 0, 'BA': 0, 'BB': 1}, '2': {'AA': 3, 'AB': 0, 'BA': 0, 'BB': 1}};at=R
r430	8	49862748	+	8	49862749	-	aid=r430;cn={'1': {'AA': 2, 'AB': 0, 'BA': 0, 'BB': 1}, '2': {'AA': 3, 'AB': 0, 'BA': 0, 'BB': 1}};at=R
r431	8	49862893	+	8	49862894	-	aid=r431;cn={'1': {'AA': 2, 'AB': 0, 'BA': 0, 'BB': 1}, '2': {'AA': 3, 'AB': 0, 'BA': 0, 'BB': 1}};at=R
r432	8	49867547	+	8	49867548	-	aid=r432;cn={'1': {'AA': 2, 'AB': 0, 'BA': 0, 'BB': 1}, '2': {'AA': 3, 'AB': 0, 'BA': 0, 'BB': 1}};at=R
r433	8	55488847	+	8	55488848	-	aid=r433;cn={'1': {'AA': 2, 'AB': 0, 'BA': 0, 'BB': 1}, '2': {'AA': 3, 'AB': 0, 'BA': 0, 'BB': 1}};at=R
r434	8	64595478	+	8	64595479	-	aid=r434;cn={'1': {'AA': 2, 'AB': 0, 'BA': 0, 'BB': 1}, '2': {'AA': 3, 'AB': 0, 'BA': 0, 'BB': 1}};at=R
r435	8	64597798	+	8	64597799	-	aid=r435;cn={'1': {'AA': 2, 'AB': 0, 'BA': 0, 'BB': 1}, '2': {'AA': 3, 'AB': 0, 'BA': 0, 'BB': 1}};at=R
r436	8	64675442	+	8	64675443	-	aid=r436;cn={'1': {'AA': 2, 'AB': 0, 'BA': 0, 'BB': 1}, '2': {'AA': 3, 'AB': 0, 'BA': 0, 'BB': 1}};at=R
r437	8	76511929	+	8	76511930	-	aid=r437;cn={'1': {'AA': 2, 'AB': 0, 'BA': 0, 'BB': 1}, '2': {'AA': 3, 'AB': 0, 'BA': 0, 'BB': 1}};at=R
r438	8	76513148	+	8	76513149	-	aid=r438;cn={'1': {'AA': 2, 'AB': 0, 'BA': 0, 'BB': 1}, '2': {'AA': 3, 'AB': 0, 'BA': 0, 'BB': 1}};at=R
r439	8	76601526	+	8	76601527	-	aid=r439;cn={'1': {'AA': 2, 'AB': 0, 'BA': 0, 'BB': 1}, '2': {'AA': 3, 'AB': 0, 'BA': 0, 'BB': 1}};at=R
r440	8	77285258	+	8	77285259	-	aid=r440;cn={'1': {'AA': 2, 'AB': 0, 'BA': 0, 'BB': 1}, '2': {'AA': 3, 'AB': 0, 'BA': 0, 'BB': 1}};at=R
r441	8	77332725	+	8	77332726	-	aid=r441;cn={'1': {'AA': 2, 'AB': 0, 'BA': 0, 'BB': 1}, '2': {'AA': 3, 'AB': 0, 'BA': 0, 'BB': 1}};at=R
r442	8	78270529	+	8	78270530	-	aid=r442;cn={'1': {'AA': 2, 'AB': 0, 'BA': 0, 'BB': 1}, '2': {'AA': 3, 'AB': 0, 'BA': 0, 'BB': 1}};at=R
r443	8	79278467	+	8	79278468	-	aid=r443;cn={'1': {'AA': 2, 'AB': 0, 'BA': 0, 'BB': 1}, '2': {'AA': 3, 'AB': 0, 'BA': 0, 'BB': 1}};at=R
r444	9	2000978	+	9	2000979	-	aid=r444;cn={'1': {'AA': 1, 'AB': 0, 'BA': 0, 'BB': 1}, '2': {'AA': 2, 'AB': 0, 'BA': 0, 'BB': 1}};at=R
r445	9	2001304	+	9	2001305	-	aid=r445;cn={'1': {'AA': 1, 'AB': 0, 'BA': 0, 'BB': 1}, '2': {'AA': 2, 'AB': 0, 'BA': 0, 'BB': 1}};at=R
r446	9	13655411	+	9	13655412	-	aid=r446;cn={'1': {'AA': 1, 'AB': 0, 'BA': 0, 'BB': 1}, '2': {'AA': 2, 'AB': 0, 'BA': 0, 'BB': 1}};at=R
r447	9	13655743	+	9	13655744	-	aid=r447;cn={'1': {'AA': 1, 'AB': 0, 'BA': 0, 'BB': 1}, '2': {'AA': 2, 'AB': 0, 'BA': 0, 'BB': 1}};at=R
r448	9	29431440	+	9	29431441	-	aid=r448;cn={'1': {'AA': 1, 'AB': 0, 'BA': 0, 'BB': 1}, '2': {'AA': 2, 'AB': 0, 'BA': 0, 'BB': 1}};at=R
r449	9	29431597	+	9	29431598	-	aid=r449;cn={'1': {'AA': 1, 'AB': 0, 'BA': 0, 'BB': 1}, '2': {'AA': 2, 'AB': 0, 'BA': 0, 'BB': 1}};at=R
r450	9	79836447	+	9	79836448	-	aid=r450;cn={'1': {'AA': 1, 'AB': 0, 'BA': 0, 'BB': 1}, '2': {'AA': 2, 'AB': 0, 'BA': 0, 'BB': 1}};at=R
r451	9	81223979	+	9	81223980	-	aid=r451;cn={'1': {'AA': 1, 'AB': 0, 'BA': 0, 'BB': 1}, '2': {'AA': 2, 'AB': 0, 'BA': 0, 'BB': 1}};at=R
r452	9	81224704	+	9	81224705	-	aid=r452;cn={'1': {'AA': 1, 'AB': 0, 'BA': 0, 'BB': 1}, '2': {'AA': 2, 'AB': 0, 'BA': 0, 'BB': 1}};at=R
r453	X	2835636	+	X	2835637	-	aid=r453;cn={'1': {'AA': 1, 'AB': 0, 'BA': 0, 'BB': 0}, '2': {'AA': 1, 'AB': 0, 'BA': 0, 'BB': 0}};at=R
r454	X	16742547	+	X	16742548	-	aid=r454;cn={'1': {'AA': 1, 'AB': 0, 'BA': 0, 'BB': 0}, '2': {'AA': 1, 'AB': 0, 'BA': 0, 'BB': 0}};at=R
r455	X	16742779	+	X	16742780	-	aid=r455;cn={'1': {'AA': 1, 'AB': 0, 'BA': 0, 'BB': 0}, '2': {'AA': 1, 'AB': 0, 'BA': 0, 'BB': 0}};at=R
r456	X	32503226	+	X	32503227	-	aid=r456;cn={'1': {'AA': 1, 'AB': 0, 'BA': 0, 'BB': 0}, '2': {'AA': 1, 'AB': 0, 'BA': 0, 'BB': 0}};at=R
r457	X	32516414	+	X	32516415	-	aid=r457;cn={'1': {'AA': 1, 'AB': 0, 'BA': 0, 'BB': 0}, '2': {'AA': 1, 'AB': 0, 'BA': 0, 'BB': 0}};at=R
r458	X	35451387	+	X	35451388	-	aid=r458;cn={'1': {'AA': 1, 'AB': 0, 'BA': 0, 'BB': 0}, '2': {'AA': 1, 'AB': 0, 'BA': 0, 'BB': 0}};at=R
r459	X	35451452	+	X	35451453	-	aid=r459;cn={'1': {'AA': 1, 'AB': 0, 'BA': 0, 'BB': 0}, '2': {'AA': 1, 'AB': 0, 'BA': 0, 'BB': 0}};at=R
r460	X	61723511	+	X	61723512	-	aid=r460;cn={'1': {'AA': 1, 'AB': 0, 'BA': 0, 'BB': 0}, '2': {'AA': 1, 'AB': 0, 'BA': 0, 'BB': 0}};at=R
r461	X	61723898	+	X	61723899	-	aid=r461;cn={'1': {'AA': 1, 'AB': 0, 'BA': 0, 'BB': 0}, '2': {'AA': 1, 'AB': 0, 'BA': 0, 'BB': 0}};at=R
r462	X	62166400	+	X	62166401	-	aid=r462;cn={'1': {'AA': 1, 'AB': 0, 'BA': 0, 'BB': 0}, '2': {'AA': 1, 'AB': 0, 'BA': 0, 'BB': 0}};at=R
r463	X	62176444	+	X	62176445	-	aid=r463;cn={'1': {'AA': 1, 'AB': 0, 'BA': 0, 'BB': 0}, '2': {'AA': 1, 'AB': 0, 'BA': 0, 'BB': 0}};at=R
r464	X	62202061	+	X	62202062	-	aid=r464;cn={'1': {'AA': 1, 'AB': 0, 'BA': 0, 'BB': 0}, '2': {'AA': 1, 'AB': 0, 'BA': 0, 'BB': 0}};at=R
r465	X	62467305	+	X	62467306	-	aid=r465;cn={'1': {'AA': 1, 'AB': 0, 'BA': 0, 'BB': 0}, '2': {'AA': 1, 'AB': 0, 'BA': 0, 'BB': 0}};at=R
r466	X	64113188	+	X	64113189	-	aid=r466;cn={'1': {'AA': 1, 'AB': 0, 'BA': 0, 'BB': 0}, '2': {'AA': 1, 'AB': 0, 'BA': 0, 'BB': 0}};at=R
r467	X	64432201	+	X	64432202	-	aid=r467;cn={'1': {'AA': 1, 'AB': 0, 'BA': 0, 'BB': 0}, '2': {'AA': 1, 'AB': 0, 'BA': 0, 'BB': 0}};at=R
r468	X	64672321	+	X	64672322	-	aid=r468;cn={'1': {'AA': 0, 'AB': 0, 'BA': 0, 'BB': 0}, '2': {'AA': 0, 'AB': 0, 'BA': 0, 'BB': 0}};at=R
r469	X	64689145	+	X	64689146	-	aid=r469;cn={'1': {'AA': 0, 'AB': 0, 'BA': 0, 'BB': 0}, '2': {'AA': 0, 'AB': 0, 'BA': 0, 'BB': 0}};at=R
r470	X	65872478	+	X	65872479	-	aid=r470;cn={'1': {'AA': 1, 'AB': 0, 'BA': 0, 'BB': 0}, '2': {'AA': 1, 'AB': 0, 'BA': 0, 'BB': 0}};at=R
r471	X	65883837	+	X	65883838	-	aid=r471;cn={'1': {'AA': 4, 'AB': 0, 'BA': 0, 'BB': 0}, '2': {'AA': 4, 'AB': 0, 'BA': 0, 'BB': 0}};at=R
r472	X	67248603	+	X	67248604	-	aid=r472;cn={'1': {'AA': 4, 'AB': 0, 'BA': 0, 'BB': 0}, '2': {'AA': 4, 'AB': 0, 'BA': 0, 'BB': 0}};at=R
r473	X	67250609	+	X	67250610	-	aid=r473;cn={'1': {'AA': 4, 'AB': 0, 'BA': 0, 'BB': 0}, '2': {'AA': 4, 'AB': 0, 'BA': 0, 'BB': 0}};at=R
r474	X	68253592	+	X	68253593	-	aid=r474;cn={'1': {'AA': 4, 'AB': 0, 'BA': 0, 'BB': 0}, '2': {'AA': 4, 'AB': 0, 'BA': 0, 'BB': 0}};at=R
r475	X	68343234	+	X	68343235	-	aid=r475;cn={'1': {'AA': 1, 'AB': 0, 'BA': 0, 'BB': 0}, '2': {'AA': 1, 'AB': 0, 'BA': 0, 'BB': 0}};at=R
r476	X	70466287	+	X	70466288	-	aid=r476;cn={'1': {'AA': 1, 'AB': 0, 'BA': 0, 'BB': 0}, '2': {'AA': 1, 'AB': 0, 'BA': 0, 'BB': 0}};at=R
r477	X	70466644	+	X	70466645	-	aid=r477;cn={'1': {'AA': 0, 'AB': 0, 'BA': 0, 'BB': 0}, '2': {'AA': 0, 'AB': 0, 'BA': 0, 'BB': 0}};at=R
r478	X	70481119	+	X	70481120	-	aid=r478;cn={'1': {'AA': 0, 'AB': 0, 'BA': 0, 'BB': 0}, '2': {'AA': 0, 'AB': 0, 'BA': 0, 'BB': 0}};at=R
r479	X	70482466	+	X	70482467	-	aid=r479;cn={'1': {'AA': 0, 'AB': 0, 'BA': 0, 'BB': 0}, '2': {'AA': 0, 'AB': 0, 'BA': 0, 'BB': 0}};at=R
r480	X	70512972	+	X	70512973	-	aid=r480;cn={'1': {'AA': 1, 'AB': 0, 'BA': 0, 'BB': 0}, '2': {'AA': 1, 'AB': 0, 'BA': 0, 'BB': 0}};at=R
r481	X	70513017	+	X	70513018	-	aid=r481;cn={'1': {'AA': 1, 'AB': 0, 'BA': 0, 'BB': 0}, '2': {'AA': 1, 'AB': 0, 'BA': 0, 'BB': 0}};at=R
r482	X	72000435	+	X	72000436	-	aid=r482;cn={'1': {'AA': 4, 'AB': 0, 'BA': 0, 'BB': 0}, '2': {'AA': 4, 'AB': 0, 'BA': 0, 'BB': 0}};at=R
r483	X	72020494	+	X	72020495	-	aid=r483;cn={'1': {'AA': 4, 'AB': 0, 'BA': 0, 'BB': 0}, '2': {'AA': 4, 'AB': 0, 'BA': 0, 'BB': 0}};at=R
r484	X	72248516	+	X	72248517	-	aid=r484;cn={'1': {'AA': 3, 'AB': 0, 'BA': 0, 'BB': 0}, '2': {'AA': 3, 'AB': 0, 'BA': 0, 'BB': 0}};at=R
r485	X	72249103	+	X	72249104	-	aid=r485;cn={'1': {'AA': 3, 'AB': 0, 'BA': 0, 'BB': 0}, '2': {'AA': 3, 'AB': 0, 'BA': 0, 'BB': 0}};at=R
r486	X	73207892	+	X	73207893	-	aid=r486;cn={'1': {'AA': 1, 'AB': 0, 'BA': 0, 'BB': 0}, '2': {'AA': 1, 'AB': 0, 'BA': 0, 'BB': 0}};at=R
r487	X	73208179	+	X	73208180	-	aid=r487;cn={'1': {'AA': 1, 'AB': 0, 'BA': 0, 'BB': 0}, '2': {'AA': 1, 'AB': 0, 'BA': 0, 'BB': 0}};at=R
r488	X	74718886	+	X	74718887	-	aid=r488;cn={'1': {'AA': 1, 'AB': 0, 'BA': 0, 'BB': 0}, '2': {'AA': 1, 'AB': 0, 'BA': 0, 'BB': 0}};at=R
r489	X	74719995	+	X	74719996	-	aid=r489;cn={'1': {'AA': 3, 'AB': 0, 'BA': 0, 'BB': 0}, '2': {'AA': 3, 'AB': 0, 'BA': 0, 'BB': 0}};at=R
r490	X	75013373	+	X	75013374	-	aid=r490;cn={'1': {'AA': 3, 'AB': 0, 'BA': 0, 'BB': 0}, '2': {'AA': 3, 'AB': 0, 'BA': 0, 'BB': 0}};at=R
r491	X	75013413	+	X	75013414	-	aid=r491;cn={'1': {'AA': 1, 'AB': 0, 'BA': 0, 'BB': 0}, '2': {'AA': 1, 'AB': 0, 'BA': 0, 'BB': 0}};at=R
r492	X	75877655	+	X	75877656	-	aid=r492;cn={'1': {'AA': 1, 'AB': 0, 'BA': 0, 'BB': 0}, '2': {'AA': 1, 'AB': 0, 'BA': 0, 'BB': 0}};at=R
r493	X	75877681	+	X	75877682	-	aid=r493;cn={'1': {'AA': 4, 'AB': 0, 'BA': 0, 'BB': 0}, '2': {'AA': 4, 'AB': 0, 'BA': 0, 'BB': 0}};at=R
r494	X	76242525	+	X	76242526	-	aid=r494;cn={'1': {'AA': 4, 'AB': 0, 'BA': 0, 'BB': 0}, '2': {'AA': 4, 'AB': 0, 'BA': 0, 'BB': 0}};at=R
r495	X	76255225	+	X	76255226	-	aid=r495;cn={'1': {'AA': 0, 'AB': 0, 'BA': 0, 'BB': 0}, '2': {'AA': 1, 'AB': 0, 'BA': 0, 'BB': 0}};at=R
r496	X	76280731	+	X	76280732	-	aid=r496;cn={'1': {'AA': 0, 'AB': 0, 'BA': 0, 'BB': 0}, '2': {'AA': 1, 'AB': 0, 'BA': 0, 'BB': 0}};at=R
r497	X	76307237	+	X	76307238	-	aid=r497;cn={'1': {'AA': 3, 'AB': 0, 'BA': 0, 'BB': 0}, '2': {'AA': 2, 'AB': 0, 'BA': 0, 'BB': 0}};at=R
r498	X	76915149	+	X	76915150	-	aid=r498;cn={'1': {'AA': 3, 'AB': 0, 'BA': 0, 'BB': 0}, '2': {'AA': 2, 'AB': 0, 'BA': 0, 'BB': 0}};at=R
r499	X	76916965	+	X	76916966	-	aid=r499;cn={'1': {'AA': 0, 'AB': 0, 'BA': 0, 'BB': 0}, '2': {'AA': 0, 'AB': 0, 'BA': 0, 'BB': 0}};at=R
r500	X	76949811	+	X	76949812	-	aid=r500;cn={'1': {'AA': 0, 'AB': 0, 'BA': 0, 'BB': 0}, '2': {'AA': 0, 'AB': 0, 'BA': 0, 'BB': 0}};at=R
r501	X	76950950	+	X	76950951	-	aid=r501;cn={'1': {'AA': 0, 'AB': 0, 'BA': 0, 'BB': 0}, '2': {'AA': 0, 'AB': 0, 'BA': 0, 'BB': 0}};at=R
r502	X	77186196	+	X	77186197	-	aid=r502;cn={'1': {'AA': 0, 'AB': 0, 'BA': 0, 'BB': 2}, '2': {'AA': 0, 'AB': 0, 'BA': 0, 'BB': 2}};at=R
r503	X	77189330	+	X	77189331	-	aid=r503;cn={'1': {'AA': 0, 'AB': 0, 'BA': 0, 'BB': 7}, '2': {'AA': 0, 'AB': 0, 'BA': 0, 'BB': 6}};at=R
r504	X	77202555	+	X	77202556	-	aid=r504;cn={'1': {'AA': 0, 'AB': 0, 'BA': 0, 'BB': 3}, '2': {'AA': 0, 'AB': 0, 'BA': 0, 'BB': 3}};at=R
r505	X	77207408	+	X	77207409	-	aid=r505;cn={'1': {'AA': 0, 'AB': 0, 'BA': 0, 'BB': 3}, '2': {'AA': 0, 'AB': 0, 'BA': 0, 'BB': 3}};at=R
r506	X	77338726	+	X	77338727	-	aid=r506;cn={'1': {'AA': 0, 'AB': 0, 'BA': 0, 'BB': 4}, '2': {'AA': 0, 'AB': 0, 'BA': 0, 'BB': 3}};at=R
r507	X	77339747	+	X	77339748	-	aid=r507;cn={'1': {'AA': 0, 'AB': 0, 'BA': 0, 'BB': 1}, '2': {'AA': 0, 'AB': 0, 'BA': 0, 'BB': 0}};at=R
r508	X	77345998	+	X	77345999	-	aid=r508;cn={'1': {'AA': 0, 'AB': 0, 'BA': 0, 'BB': 1}, '2': {'AA': 0, 'AB': 0, 'BA': 0, 'BB': 0}};at=R
r509	X	78013926	+	X	78013927	-	aid=r509;cn={'1': {'AA': 0, 'AB': 0, 'BA': 0, 'BB': 1}, '2': {'AA': 0, 'AB': 0, 'BA': 0, 'BB': 0}};at=R
r510	X	78014872	+	X	78014873	-	aid=r510;cn={'1': {'AA': 0, 'AB': 0, 'BA': 0, 'BB': 1}, '2': {'AA': 0, 'AB': 0, 'BA': 0, 'BB': 0}};at=R
r511	X	78525003	+	X	78525004	-	aid=r511;cn={'1': {'AA': 0, 'AB': 0, 'BA': 0, 'BB': 3}, '2': {'AA': 0, 'AB': 0, 'BA': 0, 'BB': 2}};at=R
r512	X	79656744	+	X	79656745	-	aid=r512;cn={'1': {'AA': 0, 'AB': 0, 'BA': 0, 'BB': 2}, '2': {'AA': 0, 'AB': 0, 'BA': 0, 'BB': 2}};at=R
r513	X	81049699	+	X	81049700	-	aid=r513;cn={'1': {'AA': 0, 'AB': 0, 'BA': 0, 'BB': 1}, '2': {'AA': 0, 'AB': 0, 'BA': 0, 'BB': 1}};at=R
r514	X	81121698	+	X	81121699	-	aid=r514;cn={'1': {'AA': 0, 'AB': 0, 'BA': 0, 'BB': 1}, '2': {'AA': 0, 'AB': 0, 'BA': 0, 'BB': 1}};at=R
r515	X	81122772	+	X	81122773	-	aid=r515;cn={'1': {'AA': 0, 'AB': 0, 'BA': 0, 'BB': 3}, '2': {'AA': 0, 'AB': 0, 'BA': 0, 'BB': 3}};at=R
r516	X	81677684	+	X	81677685	-	aid=r516;cn={'1': {'AA': 0, 'AB': 0, 'BA': 0, 'BB': 3}, '2': {'AA': 0, 'AB': 0, 'BA': 0, 'BB': 3}};at=R
r517	X	81992998	+	X	81992999	-	aid=r517;cn={'1': {'AA': 0, 'AB': 0, 'BA': 0, 'BB': 3}, '2': {'AA': 0, 'AB': 0, 'BA': 0, 'BB': 3}};at=R
r518	X	82089268	+	X	82089269	-	aid=r518;cn={'1': {'AA': 1, 'AB': 0, 'BA': 0, 'BB': 3}, '2': {'AA': 1, 'AB': 0, 'BA': 0, 'BB': 3}};at=R
r519	X	82428560	+	X	82428561	-	aid=r519;cn={'1': {'AA': 1, 'AB': 0, 'BA': 0, 'BB': 0}, '2': {'AA': 1, 'AB': 0, 'BA': 0, 'BB': 0}};at=R
r520	X	89481161	+	X	89481162	-	aid=r520;cn={'1': {'AA': 1, 'AB': 0, 'BA': 0, 'BB': 0}, '2': {'AA': 1, 'AB': 0, 'BA': 0, 'BB': 0}};at=R
r521	X	89485515	+	X	89485516	-	aid=r521;cn={'1': {'AA': 1, 'AB': 0, 'BA': 0, 'BB': 0}, '2': {'AA': 1, 'AB': 0, 'BA': 0, 'BB': 0}};at=R
r522	X	107022925	+	X	107022926	-	aid=r522;cn={'1': {'AA': 1, 'AB': 0, 'BA': 0, 'BB': 0}, '2': {'AA': 1, 'AB': 0, 'BA': 0, 'BB': 0}};at=R
r523	X	109888244	+	X	109888245	-	aid=r523;cn={'1': {'AA': 1, 'AB': 0, 'BA': 0, 'BB': 0}, '2': {'AA': 1, 'AB': 0, 'BA': 0, 'BB': 0}};at=R
